price,charges,surface,disposition,address,district,full_cost,disposition_clean,price_per_m2,zone
16100,3100,33,DISP_1_KK,"Federova, Praha - Kyje",Kyje,19200,1+KK,581.8181818181819,outer_or_suburbs
40621,7168,40,UNDEFINED,"Starokošířská, Praha - Košíře",Košíře,47789,,1194.725,inner_city
28000,6000,80,DISP_3_KK,"Amforova, Praha - Stodůlky",Stodůlky,34000,3+KK,425.0,outer_or_suburbs
15990,0,33,DISP_1_KK,"Freyova, Praha - Vysočany",Vysočany,15990,1+KK,484.54545454545456,inner_city
24500,3000,51,DISP_2_1,"náměstí Josefa Machka, Praha - Košíře",Košíře,27500,2+1,539.2156862745098,inner_city
28953,5109,24,UNDEFINED,"Zbraslavská, Praha - Malá Chuchle",Malá Chuchle,34062,,1419.25,outer_or_suburbs
14990,0,45,DISP_2_KK,"Donská, Praha - Vršovice",Vršovice,14990,2+KK,333.1111111111111,inner_city
22900,4000,45,DISP_2_KK,"Holandská, Praha - Vršovice",Vršovice,26900,2+KK,597.7777777777778,inner_city
25000,1500,50,DISP_2_KK,"U Křížku, Praha - Nusle",Nusle,26500,2+KK,530.0,inner_city
25000,3095,42,DISP_2_KK,"Pekařova, Praha - Bohnice",Bohnice,28095,2+KK,668.9285714285714,outer_or_suburbs
23900,3900,70,DISP_2_1,"U Mydlárny, Praha - Stodůlky",Stodůlky,27800,2+1,397.14285714285717,outer_or_suburbs
28328,4999,26,UNDEFINED,"Kališnická, Praha - Žižkov",Žižkov,33327,,1281.8076923076924,inner_city
26795,4729,160,UNDEFINED,"Ruská, Praha - Vršovice",Vršovice,31524,,197.025,inner_city
22996,4058,16,UNDEFINED,"Kováků, Praha - Smíchov",Smíchov,27054,,1690.875,inner_city
12990,0,30,DISP_1_KK,"Pelušková, Praha - Kyje",Kyje,12990,1+KK,433.0,outer_or_suburbs
23500,0,51,DISP_2_KK,"Šmilovského, Praha - Vinohrady",Vinohrady,23500,2+KK,460.7843137254902,inner_city
21000,1110,49,DISP_2_1,"Primátorská, Praha - Libeň",Libeň,22110,2+1,451.2244897959184,inner_city
23000,4200,69,DISP_2_1,"Pod Školou, Praha - Košíře",Košíře,27200,2+1,394.2028985507246,inner_city
50564,8923,30,UNDEFINED,"Washingtonova, Praha - Nové Město",Nové Město,59487,,1982.9,center
15900,2500,39,DISP_2_KK,"Na Rokytce, Praha - Libeň",Libeň,18400,2+KK,471.79487179487177,inner_city
18000,6000,39,DISP_1_KK,"Kurta Konráda, Praha - Libeň",Libeň,24000,1+KK,615.3846153846154,inner_city
31000,7300,102,DISP_4_KK,"Nušlova, Praha - Stodůlky",Stodůlky,38300,4+KK,375.4901960784314,outer_or_suburbs
25000,1500,42,DISP_2_KK,"Dalimilova, Praha - Žižkov",Žižkov,26500,2+KK,630.952380952381,inner_city
22000,4300,40,DISP_1_KK,"Bukačova, Praha - Vysočany",Vysočany,26300,1+KK,657.5,inner_city
43226,7628,35,UNDEFINED,"Sevastopolská, Praha - Vršovice",Vršovice,50854,,1452.9714285714285,inner_city
24000,6000,52,DISP_2_1,"Dělnická, Praha - Holešovice",Holešovice,30000,2+1,576.9230769230769,inner_city
37900,0,89,DISP_3_KK,"Kubelíkova, Praha - Žižkov",Žižkov,37900,3+KK,425.8426966292135,inner_city
21000,3370,45,DISP_2_KK,"Zelenky-Hajského, Praha - Žižkov",Žižkov,24370,2+KK,541.5555555555555,inner_city
16500,2314,28,DISP_1_KK,"Ve Struhách, Praha - Bubeneč",Bubeneč,18814,1+KK,671.9285714285714,inner_city
16000,3300,33,DISP_1_KK,"Oty Bubeníčka, Praha - Uhříněves",Uhříněves,19300,1+KK,584.8484848484849,outer_or_suburbs
26500,2300,43,DISP_2_KK,"Na Maninách, Praha - Holešovice",Holešovice,28800,2+KK,669.7674418604652,inner_city
21000,4700,52,DISP_2_KK,"Seifertova, Praha - Žižkov",Žižkov,25700,2+KK,494.2307692307692,inner_city
11500,2000,17,DISP_1_KK,"Na Cikánce, Praha - Radotín",Radotín,13500,1+KK,794.1176470588235,outer_or_suburbs
21000,5000,42,DISP_2_KK,"U Stojanu, Praha - Chodov",Chodov,26000,2+KK,619.047619047619,outer_or_suburbs
26900,4650,69,DISP_2_1,"Polní, Praha - Břevnov",Břevnov,31550,2+1,457.2463768115942,inner_city
46684,20760,82,UNDEFINED,". května, Praha - Nusle",Nusle,67444,,822.4878048780488,inner_city
13000,2500,77,DISP_3_1,"Bryksova, Praha - Černý Most",Černý Most,15500,3+1,201.2987012987013,outer_or_suburbs
24500,6000,54,DISP_2_1,"Bohnická, Praha - Bohnice",Bohnice,30500,2+1,564.8148148148148,outer_or_suburbs
32000,8445,96,DISP_4_KK,"Biskupcova, Praha - Žižkov",Žižkov,40445,4+KK,421.3020833333333,inner_city
21000,5000,66,DISP_2_KK,"Nad Rybníkem, Únětice - Únětice u Prahy, Středočeský kraj",Únětice,26000,2+KK,393.93939393939394,outer_or_suburbs
17000,6200,45,DISP_2_KK,"Frýdlantská, Praha - Kobylisy",Kobylisy,23200,2+KK,515.5555555555555,inner_city
27500,3446,61,DISP_2_1,"náměstí Hrdinů, Praha - Nusle",Nusle,30946,2+1,507.3114754098361,inner_city
19490,0,32,DISP_1_KK,"Poděbradská, Praha - Hloubětín",Hloubětín,19490,1+KK,609.0625,outer_or_suburbs
23990,0,55,DISP_2_KK,"Kryšpínova, Praha - Štěrboholy",Štěrboholy,23990,2+KK,436.1818181818182,outer_or_suburbs
25000,7000,60,DISP_2_KK,"Kramperova, Praha - Kamýk",Kamýk,32000,2+KK,533.3333333333334,outer_or_suburbs
23000,7000,90,DISP_3_1,"U Háje, Praha - Braník",Braník,30000,3+1,333.3333333333333,inner_city
17900,3627,33,DISP_1_KK,"Soukalova, Praha - Modřany",Modřany,21527,1+KK,652.3333333333334,outer_or_suburbs
22000,2800,62,DISP_2_1,"V Podhájí, Veleň - Veleň, Středočeský kraj",Veleň,24800,2+1,400.0,outer_or_suburbs
19500,7374,43,DISP_2_KK,"Nádražní, Praha - Smíchov",Smíchov,26874,2+KK,624.9767441860465,inner_city
15000,2000,45,DISP_1_KK,"U Svodnice, Praha - Královice",Královice,17000,1+KK,377.77777777777777,outer_or_suburbs
37900,6700,75,DISP_3_KK,"Odkolkova, Praha - Vysočany",Vysočany,44600,3+KK,594.6666666666666,inner_city
17900,4700,54,DISP_2_KK,"Trnkovo náměstí, Praha - Hlubočepy",Hlubočepy,22600,2+KK,418.51851851851853,inner_city
29634,5229,61,UNDEFINED,"Kosatcová, Praha - Záběhlice",Záběhlice,34863,,571.5245901639345,outer_or_suburbs
56859,10034,117,UNDEFINED,"Plzeňská, Praha - Smíchov",Smíchov,66893,,571.7350427350427,inner_city
26000,2000,50,DISP_2_KK,"Jilemnického, Praha - Bubeneč",Bubeneč,28000,2+KK,560.0,inner_city
19000,4600,49,DISP_2_KK,"Křížová, Praha - Smíchov",Smíchov,23600,2+KK,481.6326530612245,inner_city
30000,3800,60,DISP_2_KK,"Spinozova, Praha - Modřany",Modřany,33800,2+KK,563.3333333333334,outer_or_suburbs
18000,2500,34,DISP_1_1,"Na Žvahově, Praha - Hlubočepy",Hlubočepy,20500,1+1,602.9411764705883,inner_city
19500,4900,47,DISP_2_KK,"Teplická, Praha - Střížkov",Střížkov,24400,2+KK,519.1489361702128,outer_or_suburbs
16000,4000,25,DISP_1_KK,"Počernická, Praha - Malešice",Malešice,20000,1+KK,800.0,outer_or_suburbs
19490,0,38,DISP_1_KK,"Olgy Havlové, Praha - Žižkov",Žižkov,19490,1+KK,512.8947368421053,inner_city
20990,0,50,DISP_2_KK,"Střížkovská, Praha - Libeň",Libeň,20990,2+KK,419.8,inner_city
25572,4513,160,UNDEFINED,"Ruská, Praha - Vršovice",Vršovice,30085,,188.03125,inner_city
27500,6900,80,DISP_2_1,"Slovinská, Praha - Vršovice",Vršovice,34400,2+1,430.0,inner_city
22000,5000,49,DISP_1_KK,"Zvěřinova, Praha - Strašnice",Strašnice,27000,1+KK,551.0204081632653,inner_city
19000,4100,32,DISP_1_KK,"Bělohorská, Praha - Břevnov",Břevnov,23100,1+KK,721.875,inner_city
47540,8389,58,UNDEFINED,"Svatoslavova, Praha - Nusle",Nusle,55929,,964.2931034482758,inner_city
44083,7779,35,UNDEFINED,"Plzeňská, Praha - Smíchov",Smíchov,51862,,1481.7714285714285,inner_city
16000,4000,50,DISP_2_KK,"Ve Stromkách, Vestec - Vestec u Prahy, Středočeský kraj",Vestec,20000,2+KK,400.0,outer_or_suburbs
25000,4539,53,DISP_2_KK,"Na Neklance, Praha - Smíchov",Smíchov,29539,2+KK,557.3396226415094,inner_city
13490,0,17,DISP_1_KK,"Čestmírova, Praha - Nusle",Nusle,13490,1+KK,793.5294117647059,inner_city
21000,3021,33,DISP_1_KK,"Gerstelova, Praha - Vysočany",Vysočany,24021,1+KK,727.9090909090909,inner_city
32500,8000,53,DISP_2_KK,"Dagmar Burešové, Praha - Žižkov",Žižkov,40500,2+KK,764.1509433962265,inner_city
25990,0,49,DISP_2_KK,"Waltariho, Praha - Hloubětín",Hloubětín,25990,2+KK,530.4081632653061,outer_or_suburbs
20000,3201,51,DISP_2_1,"Komunardů, Praha - Holešovice",Holešovice,23201,2+1,454.921568627451,inner_city
24000,5700,72,DISP_2_1,"Arbesovo náměstí, Praha - Smíchov",Smíchov,29700,2+1,412.5,inner_city
33000,5500,89,DISP_3_KK,"Ke Klimentce, Praha - Smíchov",Smíchov,38500,3+KK,432.5842696629214,inner_city
30000,5000,72,DISP_3_KK,"Ostrovského, Praha - Smíchov",Smíchov,35000,3+KK,486.1111111111111,inner_city
28000,4200,57,DISP_2_1,"Kubištova, Praha - Podolí",Podolí,32200,2+1,564.9122807017544,inner_city
23000,3100,55,DISP_2_1,"Černomořská, Praha - Vršovice",Vršovice,26100,2+1,474.54545454545456,inner_city
13900,4130,16,GARSONIERA,"Molákova, Praha - Karlín",Karlín,18030,GARSONIERA,1126.875,inner_city
28000,8000,75,DISP_3_1,"Roháčova, Praha - Žižkov",Žižkov,36000,3+1,480.0,inner_city
26000,6000,72,DISP_3_1,"Krynická, Praha - Troja",Troja,32000,3+1,444.44444444444446,outer_or_suburbs
22990,0,42,DISP_2_KK,"Anny Drabíkové, Praha - Háje",Háje,22990,2+KK,547.3809523809524,outer_or_suburbs
13000,5500,20,DISP_1_KK,"Křížová, Praha - Smíchov",Smíchov,18500,1+KK,925.0,inner_city
15900,4000,33,DISP_1_KK,"Sicherova, Praha - Kyje",Kyje,19900,1+KK,603.030303030303,outer_or_suburbs
44000,7500,129,DISP_4_1,"Medkova, Praha - Chodov",Chodov,51500,4+1,399.2248062015504,outer_or_suburbs
17000,2990,26,DISP_1_KK,"V Zahradách, Praha - Libeň",Libeň,19990,1+KK,768.8461538461538,inner_city
9000,3500,88,DISP_3_1,"Nehvizdská, Praha - Hloubětín",Hloubětín,12500,3+1,142.04545454545453,outer_or_suburbs
20490,0,57,DISP_2_KK,"Janýrova, Praha - Strašnice",Strašnice,20490,2+KK,359.4736842105263,inner_city
25000,5000,60,DISP_2_KK,"Bolzanova, Praha - Nové Město",Nové Město,30000,2+KK,500.0,center
13500,1000,30,DISP_1_1,"U Skládky, Praha - Libeň",Libeň,14500,1+1,483.3333333333333,inner_city
16500,2800,27,DISP_1_KK,"Jemnická, Praha - Michle",Michle,19300,1+KK,714.8148148148148,inner_city
19500,3800,50,DISP_1_1,"Práčská, Praha - Záběhlice",Záběhlice,23300,1+1,466.0,outer_or_suburbs
28300,7700,72,DISP_3_KK,"Na Výtoni, Praha - Nové Město",Nové Město,36000,3+KK,500.0,center
24900,169,34,DISP_1_KK,"Mukařovského, Praha - Stodůlky",Stodůlky,25069,1+KK,737.3235294117648,outer_or_suburbs
59095,10428,38,UNDEFINED,"Školská, Praha - Nové Město",Nové Město,69523,,1829.5526315789473,center
30906,5454,53,UNDEFINED,"Zbraslavská, Praha - Malá Chuchle",Malá Chuchle,36360,,686.0377358490566,outer_or_suburbs
14000,0,23,DISP_1_KK,"Čenětická, Praha - Chodov",Chodov,14000,1+KK,608.695652173913,outer_or_suburbs
33900,4000,65,DISP_2_1,"Na lysině, Praha - Podolí",Podolí,37900,2+1,583.0769230769231,inner_city
25000,4200,52,DISP_2_KK,"Na Výšině, Říčany - Říčany u Prahy, Středočeský kraj",Říčany,29200,2+KK,561.5384615384615,outer_or_suburbs
49000,11500,139,DISP_4_1,"U Smaltovny, Praha - Holešovice",Holešovice,60500,4+1,435.2517985611511,inner_city
24000,4000,53,DISP_2_KK,"Pod Harfou, Praha - Vysočany",Vysočany,28000,2+KK,528.3018867924528,inner_city
58787,10374,80,UNDEFINED,"Na Hutích, Praha - Bubeneč",Bubeneč,69161,,864.5125,inner_city
45650,8056,46,UNDEFINED,"Míšeňská, Praha - Malá Strana",Malá Strana,53706,,1167.5217391304348,center
29000,5500,80,DISP_3_KK,"Sazovická, Praha - Zličín",Zličín,34500,3+KK,431.25,outer_or_suburbs
18500,3500,57,DISP_2_1,"Úhonická, Jeneč - Jeneč u Prahy, Středočeský kraj",Jeneč,22000,2+1,385.96491228070175,outer_or_suburbs
20146,8403,80,UNDEFINED,"Voskovcova, Praha - Hlubočepy",Hlubočepy,28549,,356.8625,inner_city
24490,0,61,DISP_2_KK,"Přeučilova, Praha - Stodůlky",Stodůlky,24490,2+KK,401.4754098360656,outer_or_suburbs
16500,0,34,DISP_1_KK,"Kadečkové, Praha - Letňany",Letňany,16500,1+KK,485.29411764705884,outer_or_suburbs
25990,0,68,DISP_2_1,"Herálecká IV, Praha - Krč",Krč,25990,2+1,382.20588235294116,outer_or_suburbs
28961,5111,25,UNDEFINED,"Freyova, Praha - Vysočany",Vysočany,34072,,1362.88,inner_city
14450,2950,25,DISP_1_KK,"Vrážská, Praha - Radotín",Radotín,17400,1+KK,696.0,outer_or_suburbs
18000,3800,43,DISP_2_KK,"Cílkova, Praha - Kamýk",Kamýk,21800,2+KK,506.9767441860465,outer_or_suburbs
11000,1000,16,GARSONIERA,"Pod Kavalírkou, Praha - Košíře",Košíře,12000,GARSONIERA,750.0,inner_city
24000,4700,65,DISP_2_1,"Gdaňská, Praha - Bohnice",Bohnice,28700,2+1,441.53846153846155,outer_or_suburbs
20500,4000,58,DISP_2_1,"Na Pěšinách, Praha - Kobylisy",Kobylisy,24500,2+1,422.41379310344826,inner_city
24000,4500,57,DISP_2_KK,"Novákových, Praha - Libeň",Libeň,28500,2+KK,500.0,inner_city
22000,4500,57,DISP_2_1,"Plzeňská, Praha - Smíchov",Smíchov,26500,2+1,464.9122807017544,inner_city
50668,8941,18,UNDEFINED,"Svornosti, Praha - Smíchov",Smíchov,59609,,3311.6111111111113,inner_city
21500,4100,53,DISP_2_KK,"Škrábkových, Praha - Letňany",Letňany,25600,2+KK,483.0188679245283,outer_or_suburbs
19990,0,54,DISP_2_1,"Kamerunská, Praha - Vokovice",Vokovice,19990,2+1,370.18518518518516,inner_city
21900,2000,24,DISP_1_KK,"Staropramenná, Praha - Smíchov",Smíchov,23900,1+KK,995.8333333333334,inner_city
22000,4078,43,DISP_1_KK,"Šrámkové, Praha - Žižkov",Žižkov,26078,1+KK,606.4651162790698,inner_city
17990,0,57,DISP_2_1,"Chlebovická, Praha - Letňany",Letňany,17990,2+1,315.6140350877193,outer_or_suburbs
26000,5000,65,DISP_2_1,"Na Malovance, Praha - Střešovice",Střešovice,31000,2+1,476.9230769230769,inner_city
35000,4800,107,DISP_3_1,"Sázavská, Praha - Vinohrady",Vinohrady,39800,3+1,371.9626168224299,inner_city
19000,7000,50,DISP_2_1,"Na Výtoni, Praha - Nové Město",Nové Město,26000,2+1,520.0,center
18500,3700,37,DISP_2_KK,"Vysočanská, Praha - Prosek",Prosek,22200,2+KK,600.0,inner_city
47936,8459,45,UNDEFINED,"Dlážděná, Praha - Nové Město",Nové Město,56395,,1253.2222222222222,center
21000,4063,44,DISP_2_KK,"Fabiánové, Praha - Hlubočepy",Hlubočepy,25063,2+KK,569.6136363636364,inner_city
25500,5500,73,DISP_2_KK,"Dělnická, Praha - Holešovice",Holešovice,31000,2+KK,424.6575342465753,inner_city
25000,3501,55,DISP_2_1,"Tejnická, Praha - Strašnice",Strašnice,28501,2+1,518.2,inner_city
20500,2990,34,DISP_1_KK,"Poděbradská, Praha - Hloubětín",Hloubětín,23490,1+KK,690.8823529411765,outer_or_suburbs
17500,3400,39,DISP_1_1,"Na Plzeňce, Praha - Smíchov",Smíchov,20900,1+1,535.8974358974359,inner_city
20500,3833,29,DISP_2_KK,"Na Obrátce, Praha - Hloubětín",Hloubětín,24333,2+KK,839.0689655172414,outer_or_suburbs
18580,4410,49,DISP_1_1,"Františka Kadlece, Praha - Libeň",Libeň,22990,1+1,469.18367346938777,inner_city
20900,4774,37,DISP_1_KK,"Olšanská, Praha - Žižkov",Žižkov,25674,1+KK,693.8918918918919,inner_city
16000,5300,35,DISP_1_KK,"Freyova, Praha - Vysočany",Vysočany,21300,1+KK,608.5714285714286,inner_city
20990,0,44,DISP_2_KK,"Janského, Praha - Stodůlky",Stodůlky,20990,2+KK,477.04545454545456,outer_or_suburbs
18500,3300,20,DISP_1_KK,"Jana Zajíce, Praha - Bubeneč",Bubeneč,21800,1+KK,1090.0,inner_city
28429,5017,35,UNDEFINED,"Kodymova, Praha - Stodůlky",Stodůlky,33446,,955.6,outer_or_suburbs
15000,3000,23,DISP_1_KK,"Holečkova, Praha - Košíře",Košíře,18000,1+KK,782.6086956521739,inner_city
15000,3000,42,DISP_2_KK,"Pavlíkova, Praha - Kamýk",Kamýk,18000,2+KK,428.57142857142856,outer_or_suburbs
18990,0,36,DISP_1_KK,"Poděbradská, Praha - Vysočany",Hloubětín,18990,1+KK,527.5,outer_or_suburbs
60772,10725,44,UNDEFINED,"V Háji, Praha - Holešovice",Holešovice,71497,,1624.9318181818182,inner_city
21000,3300,33,DISP_1_KK,"Poděbradská, Praha - Hloubětín",Hloubětín,24300,1+KK,736.3636363636364,outer_or_suburbs
18000,0,44,DISP_1_KK,"Kotlaska, Praha - Libeň",Libeň,18000,1+KK,409.09090909090907,inner_city
26500,6000,67,DISP_2_KK,"Osadní, Praha - Holešovice",Holešovice,32500,2+KK,485.07462686567163,inner_city
26368,4653,42,UNDEFINED,"Orebitská, Praha - Žižkov",Žižkov,31021,,738.5952380952381,inner_city
19000,5000,55,DISP_1_KK,"Sídlištní, Praha - Suchdol",Suchdol,24000,1+KK,436.3636363636364,outer_or_suburbs
21990,0,34,DISP_1_KK,"Modrého, Praha - Hloubětín",Hloubětín,21990,1+KK,646.7647058823529,outer_or_suburbs
24000,4000,51,DISP_2_KK,"Gollové, Praha - Hlubočepy",Hlubočepy,28000,2+KK,549.0196078431372,inner_city
32900,169,81,DISP_2_KK,"Mukařovského, Praha - Stodůlky",Stodůlky,33069,2+KK,408.25925925925924,outer_or_suburbs
7500,0,86,DISP_4_KK,"Za Hotely, Horoměřice - Horoměřice, Středočeský kraj",Horoměřice,7500,4+KK,87.20930232558139,outer_or_suburbs
28953,5109,43,UNDEFINED,"Zbraslavská, Praha - Malá Chuchle",Malá Chuchle,34062,,792.1395348837209,outer_or_suburbs
19990,0,52,DISP_1_1,"náměstí 14. října, Praha - Smíchov",Smíchov,19990,1+1,384.4230769230769,inner_city
21000,2960,33,DISP_1_KK,"Gerstelova, Praha - Vysočany",Vysočany,23960,1+KK,726.060606060606,inner_city
22990,0,50,DISP_2_KK,"Biskupcova, Praha - Žižkov",Žižkov,22990,2+KK,459.8,inner_city
21000,3000,45,DISP_2_KK,"Neumannova, Praha - Zbraslav",Zbraslav,24000,2+KK,533.3333333333334,outer_or_suburbs
19000,4500,43,DISP_2_KK,"Slavatova, Praha - Kyje",Kyje,23500,2+KK,546.5116279069767,outer_or_suburbs
37000,6047,87,DISP_3_KK,"Nad Kolčavkou, Praha - Libeň",Libeň,43047,3+KK,494.7931034482759,inner_city
15000,5000,48,DISP_2_KK,"Augustinova, Praha - Chodov",Chodov,20000,2+KK,416.6666666666667,outer_or_suburbs
22990,5000,30,DISP_1_KK,"Kovářská, Praha - Libeň",Libeň,27990,1+KK,933.0,inner_city
18500,3900,32,DISP_1_KK,"Poděbradská, Praha - Hloubětín",Hloubětín,22400,1+KK,700.0,outer_or_suburbs
19490,0,33,DISP_1_KK,"Poděbradská, Praha - Hloubětín",Hloubětín,19490,1+KK,590.6060606060606,outer_or_suburbs
21990,0,32,DISP_1_KK,"Ondříčkova, Praha - Žižkov",Žižkov,21990,1+KK,687.1875,inner_city
22000,3000,54,DISP_2_KK,"Komunardů, Praha - Holešovice",Holešovice,25000,2+KK,462.962962962963,inner_city
26900,5000,45,DISP_1_KK,"Osadní, Praha - Holešovice",Holešovice,31900,1+KK,708.8888888888889,inner_city
27740,12815,35,UNDEFINED,"Hlaváčkova, Praha - Košíře",Košíře,40555,,1158.7142857142858,inner_city
24000,3900,50,DISP_2_KK,"Malešická, Praha - Žižkov",Žižkov,27900,2+KK,558.0,inner_city
13500,3500,34,DISP_1_KK,"Kokořínská, Praha - Ďáblice",Ďáblice,17000,1+KK,500.0,outer_or_suburbs
17490,0,32,DISP_1_KK,"Horňátecká, Praha - Kobylisy",Kobylisy,17490,1+KK,546.5625,inner_city
15500,3350,39,DISP_1_1,"Okořská, Praha - Čimice",Čimice,18850,1+1,483.3333333333333,outer_or_suburbs
20490,0,56,DISP_3_KK,"Svojšovická, Praha - Záběhlice",Záběhlice,20490,3+KK,365.89285714285717,outer_or_suburbs
23500,7550,66,DISP_2_1,"Žinkovská, Praha - Strašnice",Strašnice,31050,2+1,470.45454545454544,inner_city
21500,5565,60,DISP_2_1,"U Okrouhlíku, Praha - Smíchov",Smíchov,27065,2+1,451.0833333333333,inner_city
23990,2430,55,DISP_2_KK,"Klapkova, Praha - Kobylisy",Kobylisy,26420,2+KK,480.3636363636364,inner_city
37000,7500,130,DISP_4_KK,"Stočesova, Praha - Ruzyně",Ruzyně,44500,4+KK,342.3076923076923,outer_or_suburbs
34110,6019,35,UNDEFINED,"Olgy Havlové, Praha - Žižkov",Žižkov,40129,,1146.5428571428572,inner_city
38000,6000,120,DISP_3_1,"Rumunská, Praha - Vinohrady",Vinohrady,44000,3+1,366.6666666666667,inner_city
36299,6406,38,UNDEFINED,"Kurta Konráda, Praha - Libeň",Libeň,42705,,1123.8157894736842,inner_city
25000,6000,55,DISP_2_KK,"Malešická, Praha - Žižkov",Žižkov,31000,2+KK,563.6363636363636,inner_city
17990,2990,45,DISP_1_1,"Mošnova, Praha - Smíchov",Smíchov,20980,1+1,466.22222222222223,inner_city
27500,210,65,DISP_2_1,"Kodaňská, Praha - Vršovice",Vršovice,27710,2+1,426.3076923076923,inner_city
9900,1500,17,GARSONIERA,"Maková, Praha - Křeslice",Křeslice,11400,GARSONIERA,670.5882352941177,outer_or_suburbs
42900,5600,85,DISP_3_KK,"Čechova, Praha - Bubeneč",Bubeneč,48500,3+KK,570.5882352941177,inner_city
29000,3000,48,DISP_2_KK,"Náprstkova, Praha - Staré Město",Staré Město,32000,2+KK,666.6666666666666,center
26000,1500,48,DISP_2_KK,"Biskupcova, Praha - Žižkov",Žižkov,27500,2+KK,572.9166666666666,inner_city
23000,8400,72,DISP_3_KK,"Hlivická, Praha - Bohnice",Bohnice,31400,3+KK,436.1111111111111,outer_or_suburbs
25000,6000,66,DISP_3_KK,"Františka Štěpánka, Praha - Hostivař",Hostivař,31000,3+KK,469.6969696969697,outer_or_suburbs
18000,0,30,DISP_1_KK,"Poděbradská, Praha - Hloubětín",Hloubětín,18000,1+KK,600.0,outer_or_suburbs
34990,7650,72,DISP_2_KK,"Sokolova, Praha - Karlín",Karlín,42640,2+KK,592.2222222222222,inner_city
21490,0,65,DISP_3_KK,"Brandlova, Praha - Chodov",Chodov,21490,3+KK,330.61538461538464,outer_or_suburbs
10000,1500,90,DISP_4_1,"Pertoldova, Praha - Modřany",Modřany,11500,4+1,127.77777777777777,outer_or_suburbs
27085,4780,22,UNDEFINED,"Kubánské náměstí, Praha - Vršovice",Vršovice,31865,,1448.409090909091,inner_city
46464,8200,45,UNDEFINED,"Plzeňská, Praha - Smíchov",Smíchov,54664,,1214.7555555555555,inner_city
16490,0,22,DISP_1_KK,"Bozděchova, Praha - Smíchov",Smíchov,16490,1+KK,749.5454545454545,inner_city
33000,5000,123,DISP_4_KK,"V Háji, Praha - Holešovice",Holešovice,38000,4+KK,308.9430894308943,inner_city
22000,3500,52,DISP_2_KK,"Zakšínská, Praha - Střížkov",Střížkov,25500,2+KK,490.38461538461536,outer_or_suburbs
29000,6400,74,DISP_3_KK,"K Červenému vrchu, Praha - Vokovice",Vokovice,35400,3+KK,478.3783783783784,inner_city
18000,3195,36,DISP_1_1,"Šlikova, Praha - Břevnov",Břevnov,21195,1+1,588.75,inner_city
18562,865,45,DISP_2_KK,"Vrchlického, Praha - Košíře",Košíře,19427,2+KK,431.7111111111111,inner_city
29000,5300,67,DISP_2_KK,"Na Spojce, Praha - Vršovice",Vršovice,34300,2+KK,511.94029850746267,inner_city
14999,3000,32,DISP_1_KK,"Na Cikánce, Praha - Radotín",Radotín,17999,1+KK,562.46875,outer_or_suburbs
19990,6500,46,DISP_1_KK,"Pod Kesnerkou, Praha - Smíchov",Smíchov,26490,1+KK,575.8695652173913,inner_city
21900,5000,53,DISP_2_KK,"Vladivostocká, Praha - Vršovice",Vršovice,26900,2+KK,507.54716981132077,inner_city
26990,0,73,DISP_3_1,"Prusíkova, Praha - Stodůlky",Stodůlky,26990,3+1,369.7260273972603,outer_or_suburbs
28953,5109,34,UNDEFINED,"Zbraslavská, Praha - Malá Chuchle",Malá Chuchle,34062,,1001.8235294117648,outer_or_suburbs
23000,3500,43,DISP_2_KK,"Skuteckého, Praha - Řepy",Řepy,26500,2+KK,616.2790697674419,outer_or_suburbs
27900,0,45,DISP_2_KK,"Sládkova, Praha - Bubeneč",Bubeneč,27900,2+KK,620.0,inner_city
19600,4000,39,DISP_1_KK,"Nad Dalejským údolím, Praha - Stodůlky",Stodůlky,23600,1+KK,605.1282051282051,outer_or_suburbs
22990,0,53,DISP_2_KK,"Honzíkova, Praha - Dolní Měcholupy",Dolní Měcholupy,22990,2+KK,433.77358490566036,outer_or_suburbs
38000,4000,100,DISP_3_1,"Solidarity, Praha - Strašnice",Strašnice,42000,3+1,420.0,inner_city
17490,0,44,DISP_2_KK,"Ohradní, Praha - Michle",Michle,17490,2+KK,397.5,inner_city
29700,6330,63,DISP_3_KK,"Nepomuckých, Praha - Letňany",Letňany,36030,3+KK,571.9047619047619,outer_or_suburbs
29500,3500,70,DISP_2_1,"Národní obrany, Praha - Bubeneč",Bubeneč,33000,2+1,471.42857142857144,inner_city
26500,6000,58,DISP_2_KK,"Na Maninách, Praha - Holešovice",Holešovice,32500,2+KK,560.3448275862069,inner_city
28000,4600,100,DISP_3_KK,"Lucemburská, Praha - Vinohrady",Vinohrady,32600,3+KK,326.0,inner_city
23490,0,56,DISP_2_1,"Lublaňská, Praha - Vinohrady",Vinohrady,23490,2+1,419.4642857142857,inner_city
18500,4500,74,DISP_2_KK,"K Pitkovicům, Praha - Benice",Benice,23000,2+KK,310.81081081081084,outer_or_suburbs
16000,3500,22,DISP_1_KK,"V Šáreckém údolí, Praha - Dejvice",Dejvice,19500,1+KK,886.3636363636364,inner_city
21990,0,56,DISP_3_KK,"Hurbanova, Praha - Krč",Krč,21990,3+KK,392.67857142857144,outer_or_suburbs
16490,0,32,DISP_1_KK,"Poděbradská, Praha - Hloubětín",Hloubětín,16490,1+KK,515.3125,outer_or_suburbs
25193,4446,52,UNDEFINED,"Na Bečvářce, Praha - Dejvice",Dejvice,29639,,569.9807692307693,inner_city
17600,0,36,DISP_1_KK,"Českobrodská, Praha - Hostavice",Hostavice,17600,1+KK,488.8888888888889,outer_or_suburbs
35999,0,90,DISP_3_KK,"Vrázova, Praha - Smíchov",Smíchov,35999,3+KK,399.9888888888889,inner_city
38300,0,61,DISP_3_1,"U Pergamenky, Praha - Holešovice",Holešovice,38300,3+1,627.8688524590164,inner_city
26693,12979,35,UNDEFINED,"Hlaváčkova, Praha - Košíře",Košíře,39672,,1133.4857142857143,inner_city
28500,4644,44,DISP_2_KK,"Poděbradská, Praha - Vysočany",Vysočany,33144,2+KK,753.2727272727273,inner_city
29000,5200,60,DISP_2_KK,"Petrohradská, Praha - Vršovice",Vršovice,34200,2+KK,570.0,inner_city
30258,11657,25,UNDEFINED,"Freyova, Praha - Vysočany",Vysočany,41915,,1676.6,inner_city
28000,1,45,DISP_2_KK,"Chvalova, Praha - Žižkov",Žižkov,28001,2+KK,622.2444444444444,inner_city
27900,4500,39,DISP_1_KK,"U Mlýnského kanálu, Praha - Karlín",Karlín,32400,1+KK,830.7692307692307,inner_city
13500,1500,19,GARSONIERA,"Šmolíkova, Praha - Ruzyně",Ruzyně,15000,GARSONIERA,789.4736842105264,outer_or_suburbs
17500,7000,48,DISP_2_1,"Kloboučnická, Praha - Nusle",Nusle,24500,2+1,510.4166666666667,inner_city
46510,8208,43,UNDEFINED,"Na Mokřině, Praha - Žižkov",Žižkov,54718,,1272.5116279069769,inner_city
20600,4000,51,DISP_1_KK,"Do Roklí, Praha - Přední Kopanina",Přední Kopanina,24600,1+KK,482.3529411764706,outer_or_suburbs
20980,0,15,DISP_1_KK,"Na Zátorách, Praha - Holešovice",Holešovice,20980,1+KK,1398.6666666666667,inner_city
25000,6000,56,DISP_2_KK,"Na Zemance, Praha - Braník",Braník,31000,2+KK,553.5714285714286,inner_city
28000,3500,70,DISP_3_KK,"Na Březince, Praha - Smíchov",Smíchov,31500,3+KK,450.0,inner_city
22000,4500,45,DISP_2_KK,"Markušova, Praha - Chodov",Chodov,26500,2+KK,588.8888888888889,outer_or_suburbs
14690,5000,30,DISP_1_1,"Čestmírova, Praha - Nusle",Nusle,19690,1+1,656.3333333333334,inner_city
24100,3950,58,DISP_2_1,"Kubánské náměstí, Praha - Vršovice",Vršovice,28050,2+1,483.62068965517244,inner_city
21000,5000,69,DISP_2_1,"Francouzská, Praha - Vinohrady",Vinohrady,26000,2+1,376.81159420289856,inner_city
18490,4725,27,DISP_1_KK,"Obchodní, Říčany - Říčany u Prahy, Středočeský kraj",Říčany,23215,1+KK,859.8148148148148,outer_or_suburbs
18990,0,43,DISP_2_KK,"K lukám, Praha - Libuš",Libuš,18990,2+KK,441.6279069767442,outer_or_suburbs
26500,6000,62,DISP_2_KK,"Sinkulova, Praha - Podolí",Podolí,32500,2+KK,524.1935483870968,inner_city
16700,1800,25,DISP_1_KK,"Na Břehu, Praha - Vysočany",Vysočany,18500,1+KK,740.0,inner_city
24000,4500,54,DISP_2_KK,"Nad Alejí, Praha - Břevnov",Břevnov,28500,2+KK,527.7777777777778,inner_city
26000,6500,62,DISP_2_KK,"Hlučkova, Praha - Letňany",Letňany,32500,2+KK,524.1935483870968,outer_or_suburbs
19000,8000,55,DISP_2_KK,"Paříkova, Praha - Vysočany",Vysočany,27000,2+KK,490.90909090909093,inner_city
25900,169,51,DISP_2_KK,"Mukařovského, Praha - Praha-Stodůlky",Stodůlky,26069,2+KK,511.15686274509807,outer_or_suburbs
13000,1000,25,DISP_3_KK,"Světova, Praha - Libeň",Libeň,14000,3+KK,560.0,inner_city
10000,6000,20,DISP_1_KK,"Šlikova, Praha - Břevnov",Břevnov,16000,1+KK,800.0,inner_city
23000,6000,58,DISP_2_KK,Praha - Hlubočepy,Hlubočepy,29000,2+KK,500.0,inner_city
22000,5000,53,DISP_2_1,"Pod Lipami, Praha - Žižkov",Žižkov,27000,2+1,509.4339622641509,inner_city
25200,4300,46,DISP_1_KK,"Klapálkova, Praha - Záběhlice",Záběhlice,29500,1+KK,641.304347826087,outer_or_suburbs
26000,3200,58,DISP_3_1,"Biskupcova, Praha - Žižkov",Žižkov,29200,3+1,503.44827586206895,inner_city
26000,5400,68,DISP_4_KK,"Tobrucká, Praha - Vokovice",Vokovice,31400,4+KK,461.7647058823529,inner_city
49500,14600,146,DISP_4_KK,"Bartoškova, Praha - Nusle",Nusle,64100,4+KK,439.041095890411,inner_city
48307,8525,30,UNDEFINED,"Příčná, Praha - Nové Město",Nové Město,56832,,1894.4,center
24500,5400,59,DISP_2_KK,"Babická, Praha - Chodov",Chodov,29900,2+KK,506.77966101694915,outer_or_suburbs
16500,3500,38,DISP_1_1,"Gdaňská, Praha - Bohnice",Bohnice,20000,1+1,526.3157894736842,outer_or_suburbs
22500,2200,41,DISP_2_KK,"Světova, Praha - Libeň",Libeň,24700,2+KK,602.439024390244,inner_city
24000,5000,55,DISP_2_1,"Kremličkova, Praha - Krč",Krč,29000,2+1,527.2727272727273,outer_or_suburbs
23900,7000,60,DISP_2_KK,"K Olympiku, Praha - Karlín",Karlín,30900,2+KK,515.0,inner_city
16000,3000,27,GARSONIERA,"Myslbekova, Praha - Střešovice",Střešovice,19000,GARSONIERA,703.7037037037037,inner_city
26500,6500,79,DISP_3_KK,"Bermanova, Praha - Čakovice",Čakovice,33000,3+KK,417.72151898734177,outer_or_suburbs
22000,4500,40,DISP_2_KK,"Křivá, Praha - Žižkov",Žižkov,26500,2+KK,662.5,inner_city
38990,0,94,DISP_3_KK,"K Červenému vrchu, Praha - Vokovice",Vokovice,38990,3+KK,414.78723404255317,inner_city
21000,4657,33,DISP_1_KK,"Kurta Konráda, Praha - Libeň",Libeň,25657,1+KK,777.4848484848485,inner_city
28000,5000,85,DISP_3_1,"Wassermannova, Praha - Hlubočepy",Hlubočepy,33000,3+1,388.2352941176471,inner_city
27000,4000,68,DISP_3_KK,"Lublinská, Praha - Troja",Troja,31000,3+KK,455.88235294117646,outer_or_suburbs
21900,3500,35,DISP_2_KK,"Jenečská, Praha - Liboc",Liboc,25400,2+KK,725.7142857142857,outer_or_suburbs
15500,3500,32,DISP_1_KK,"Poděbradská, Praha - Vysočany",Vysočany,19000,1+KK,593.75,inner_city
18000,3400,47,GARSONIERA,"U Kříže, Praha - Jinonice",Jinonice,21400,GARSONIERA,455.3191489361702,inner_city
21900,5300,51,DISP_2_KK,"Nuselská, Praha - Michle",Michle,27200,2+KK,533.3333333333334,inner_city
26000,4000,45,DISP_2_KK,"Buchovcova, Praha - Žižkov",Žižkov,30000,2+KK,666.6666666666666,inner_city
29500,1200,62,DISP_2_KK,"Korunní, Praha - Vinohrady",Vinohrady,30700,2+KK,495.16129032258067,inner_city
23000,4500,34,DISP_1_KK,"Boleslavova, Praha - Nusle",Nusle,27500,1+KK,808.8235294117648,inner_city
20043,3537,25,UNDEFINED,"Klapkova, Praha - Kobylisy",Kobylisy,23580,,943.2,inner_city
14912,2631,25,UNDEFINED,"Ďáblická, Praha - Kobylisy",Kobylisy,17543,,701.72,inner_city
21500,7360,63,DISP_2_1,"Patočkova, Praha - Střešovice",Střešovice,28860,2+1,458.0952380952381,inner_city
24000,5000,68,DISP_2_KK,"Jevanská, Praha - Strašnice",Strašnice,29000,2+KK,426.47058823529414,inner_city
17000,4500,27,DISP_1_KK,"Nebřenická, Praha - Chodov",Chodov,21500,1+KK,796.2962962962963,outer_or_suburbs
20500,2500,46,DISP_2_KK,"T. G. Masaryka, Horoměřice - Horoměřice, Středočeský kraj",Horoměřice,23000,2+KK,500.0,outer_or_suburbs
34000,4266,82,DISP_3_KK,"Kolmanova, Praha - Modřany",Modřany,38266,3+KK,466.6585365853659,outer_or_suburbs
29900,6235,47,DISP_2_KK,"Sokolovská, Praha - Karlín",Karlín,36135,2+KK,768.8297872340426,inner_city
51726,9128,64,UNDEFINED,"Dlážděná, Praha - Nové Město",Nové Město,60854,,950.84375,center
24000,4500,46,DISP_2_KK,"Hlučkova, Praha - Letňany",Letňany,28500,2+KK,619.5652173913044,outer_or_suburbs
30000,3001,78,DISP_2_1,"Sokolovská, Praha - Karlín",Karlín,33001,2+1,423.0897435897436,inner_city
27200,3750,51,DISP_2_KK,"Libická, Praha - Vinohrady",Vinohrady,30950,2+KK,606.8627450980392,inner_city
28529,5034,25,UNDEFINED,"Na Proseku, Praha - Prosek",Prosek,33563,,1342.52,inner_city
15500,3500,33,DISP_1_KK,"Františka Diviše, Praha - Uhříněves",Uhříněves,19000,1+KK,575.7575757575758,outer_or_suburbs
46251,8162,28,UNDEFINED,"Cimburkova, Praha - Žižkov",Žižkov,54413,,1943.3214285714287,inner_city
24000,5000,70,DISP_2_1,"Sámova, Praha - Vršovice",Vršovice,29000,2+1,414.2857142857143,inner_city
39000,7000,76,DISP_2_KK,"V Přístavu, Praha - Holešovice",Holešovice,46000,2+KK,605.2631578947369,inner_city
19451,3433,16,UNDEFINED,"Biskupcova, Praha - Žižkov",Žižkov,22884,,1430.25,inner_city
23000,3900,56,DISP_2_1,"Černokostelecká, Praha - Strašnice",Strašnice,26900,2+1,480.35714285714283,inner_city
18500,3500,34,DISP_1_KK,"U Michelského mlýna, Praha - Michle",Michle,22000,1+KK,647.0588235294117,inner_city
14900,4500,31,DISP_1_KK,"Kovanecká, Praha - Libeň",Libeň,19400,1+KK,625.8064516129032,inner_city
21500,4000,48,DISP_2_KK,"Průběžná, Praha - Strašnice",Strašnice,25500,2+KK,531.25,inner_city
21900,3500,58,DISP_2_KK,"Pivovarnická, Praha - Libeň",Libeň,25400,2+KK,437.9310344827586,inner_city
28700,5000,82,DISP_3_KK,"U Stojanu, Praha - Chodov",Chodov,33700,3+KK,410.9756097560976,outer_or_suburbs
18000,4300,34,DISP_1_KK,"Hornoměcholupská, Praha - Horní Měcholupy",Horní Měcholupy,22300,1+KK,655.8823529411765,outer_or_suburbs
35000,0,56,DISP_2_KK,"Husinecká, Praha - Žižkov",Žižkov,35000,2+KK,625.0,inner_city
19000,5500,42,DISP_2_KK,"Valentova, Praha - Chodov",Chodov,24500,2+KK,583.3333333333334,outer_or_suburbs
21000,5500,44,DISP_2_KK,"Rižská, Praha - Hostivař",Hostivař,26500,2+KK,602.2727272727273,outer_or_suburbs
14000,3250,25,GARSONIERA,"U Smaltovny, Praha - Holešovice",Holešovice,17250,GARSONIERA,690.0,inner_city
27990,0,81,DISP_3_KK,"Sicherova, Praha - Kyje",Kyje,27990,3+KK,345.55555555555554,outer_or_suburbs
46900,5500,91,DISP_4_KK,"Kališnická, Praha - Žižkov",Žižkov,52400,4+KK,575.8241758241758,inner_city
17900,4290,36,DISP_1_KK,"Radouňova, Praha - Řeporyje",Řeporyje,22190,1+KK,616.3888888888889,outer_or_suburbs
24500,4900,28,DISP_1_KK,"Sokolovská, Praha - Karlín",Karlín,29400,1+KK,1050.0,inner_city
26000,4200,65,DISP_3_KK,"Janovská, Praha - Horní Měcholupy",Horní Měcholupy,30200,3+KK,464.61538461538464,outer_or_suburbs
21000,5500,52,DISP_2_KK,"Chlebovická, Praha - Letňany",Letňany,26500,2+KK,509.61538461538464,outer_or_suburbs
31400,4600,72,DISP_3_KK,"Na Výtoni, Praha - Nové Město",Nové Město,36000,3+KK,500.0,center
15000,2000,28,GARSONIERA,"Jaurisova, Praha - Nusle",Nusle,17000,GARSONIERA,607.1428571428571,inner_city
28800,5000,72,DISP_3_1,"Kurkova, Praha - Kobylisy",Kobylisy,33800,3+1,469.44444444444446,inner_city
28700,5600,65,DISP_2_KK,"Milady Horákové, Praha - Holešovice",Holešovice,34300,2+KK,527.6923076923077,inner_city
38400,6776,20,UNDEFINED,"Nuselská, Praha - Michle",Michle,45176,,2258.8,inner_city
24000,5600,51,DISP_2_KK,"Bělohorská, Praha - Břevnov",Břevnov,29600,2+KK,580.3921568627451,inner_city
23900,2500,40,DISP_2_KK,"Andrštova, Praha - Libeň",Libeň,26400,2+KK,660.0,inner_city
31000,3170,45,DISP_2_KK,"Legerova, Praha - Nové Město",Nové Město,34170,2+KK,759.3333333333334,center
18900,4650,36,DISP_1_KK,"Kurta Konráda, Praha - Libeň",Libeň,23550,1+KK,654.1666666666666,inner_city
26000,8500,69,DISP_3_KK,"Mračnická, Praha - Hostivař",Hostivař,34500,3+KK,500.0,outer_or_suburbs
23000,980,52,DISP_2_KK,"Jana Zajíce, Praha - Bubeneč",Bubeneč,23980,2+KK,461.15384615384613,inner_city
20990,0,49,DISP_2_KK,"Volutová, Praha - Stodůlky",Stodůlky,20990,2+KK,428.3673469387755,outer_or_suburbs
22900,169,27,DISP_1_KK,"Mukařovského, Praha - Stodůlky",Stodůlky,23069,1+KK,854.4074074074074,outer_or_suburbs
21000,5500,72,DISP_2_1,"Na moklině, Praha - Řepy",Řepy,26500,2+1,368.05555555555554,outer_or_suburbs
29353,5180,25,UNDEFINED,"Na Bitevní Pláni, Praha - Nusle",Nusle,34533,,1381.32,inner_city
17490,0,31,DISP_1_KK,"Gollové, Praha - Hlubočepy",Hlubočepy,17490,1+KK,564.1935483870968,inner_city
23253,3247,52,DISP_2_1,"Poděbradská, Praha - Hloubětín",Hloubětín,26500,2+1,509.61538461538464,outer_or_suburbs
21000,4500,45,DISP_2_KK,"Thámova, Praha - Karlín",Karlín,25500,2+KK,566.6666666666666,inner_city
23000,3500,67,DISP_2_1,"Veleslavínská, Praha - Veleslavín",Veleslavín,26500,2+1,395.5223880597015,outer_or_suburbs
13900,2000,19,DISP_1_KK,"Buštěhradská, Praha - Střešovice",Střešovice,15900,1+KK,836.8421052631579,inner_city
18000,0,32,DISP_1_1,"Nad Hájem, Praha - Hodkovičky",Hodkovičky,18000,1+1,562.5,outer_or_suburbs
22000,4000,48,DISP_2_KK,"Ciolkovského, Praha - Ruzyně",Ruzyně,26000,2+KK,541.6666666666666,outer_or_suburbs
33000,6800,115,DISP_3_1,"Dehtínská, Praha - Radotín",Radotín,39800,3+1,346.0869565217391,outer_or_suburbs
20000,2501,53,DISP_2_1,"Nad Zámečkem, Praha - Košíře",Košíře,22501,2+1,424.54716981132077,inner_city
16900,2000,42,DISP_2_KK,"U Nových domů Ⅲ, Praha - Krč",Krč,18900,2+KK,450.0,outer_or_suburbs
22000,4000,30,DISP_1_KK,"Konojedská, Praha - Strašnice",Strašnice,26000,1+KK,866.6666666666666,inner_city
27900,4000,69,DISP_3_KK,"Jana Masaryka, Praha - Vinohrady",Vinohrady,31900,3+KK,462.3188405797101,inner_city
24500,4000,60,DISP_2_KK,"Nekvasilova, Praha - Karlín",Karlín,28500,2+KK,475.0,inner_city
28000,4500,58,DISP_2_KK,"Na Zlatě, Praha - Stodůlky",Stodůlky,32500,2+KK,560.3448275862069,outer_or_suburbs
15900,3000,28,DISP_1_KK,"U Pekařky, Praha - Libeň",Libeň,18900,1+KK,675.0,inner_city
25000,5200,70,DISP_2_KK,"Chodovická, Praha - Horní Počernice",Horní Počernice,30200,2+KK,431.42857142857144,outer_or_suburbs
12990,3258,33,DISP_1_1,"Jánošíkova, Praha - Krč",Krč,16248,1+1,492.3636363636364,outer_or_suburbs
16300,3500,29,DISP_1_KK,"Pod Labuťkou, Praha - Libeň",Libeň,19800,1+KK,682.7586206896551,inner_city
21000,4900,55,DISP_3_KK,"Za Poštou, Praha - Strašnice",Strašnice,25900,3+KK,470.90909090909093,inner_city
33000,9000,109,DISP_4_KK,"Šátalská, Praha - Libuš",Libuš,42000,4+KK,385.3211009174312,outer_or_suburbs
23000,4500,50,DISP_2_1,"Vostrovská, Praha - Dejvice",Dejvice,27500,2+1,550.0,inner_city
25000,4500,47,DISP_1_KK,"Poděbradská, Praha - Vysočany",Vysočany,29500,1+KK,627.6595744680851,inner_city
24500,4500,50,DISP_2_1,"Vostrovská, Praha - Dejvice",Dejvice,29000,2+1,580.0,inner_city
18500,5500,45,DISP_2_KK,"Bronzová, Praha - Stodůlky",Stodůlky,24000,2+KK,533.3333333333334,outer_or_suburbs
33620,5933,36,UNDEFINED,"Slavíkova, Praha - Žižkov",Žižkov,39553,,1098.6944444444443,inner_city
42664,7529,35,UNDEFINED,"Rostovská, Praha - Vršovice",Vršovice,50193,,1434.0857142857142,inner_city
20000,3500,38,DISP_1_KK,"Chorošová, Praha - Pitkovice",Pitkovice,23500,1+KK,618.421052631579,outer_or_suburbs
21000,800,27,DISP_1_KK,"Slovenská, Praha - Vinohrady",Vinohrady,21800,1+KK,807.4074074074074,inner_city
17000,3000,34,DISP_1_KK,"Oty Bubeníčka, Praha - Uhříněves",Uhříněves,20000,1+KK,588.2352941176471,outer_or_suburbs
18000,5000,40,DISP_2_KK,"Štúrova, Praha - Krč",Krč,23000,2+KK,575.0,outer_or_suburbs
28900,7100,72,DISP_3_KK,"Na Výtoni, Praha - Nové Město",Nové Město,36000,3+KK,500.0,center
18990,0,55,DISP_2_KK,"Hrušovická, Praha - Kbely",Kbely,18990,2+KK,345.27272727272725,outer_or_suburbs
20000,4500,38,DISP_1_KK,"Štanderova, Praha - Letňany",Letňany,24500,1+KK,644.7368421052631,outer_or_suburbs
24000,4950,52,DISP_2_KK,"Hodkovická, Praha - Kamýk",Kamýk,28950,2+KK,556.7307692307693,outer_or_suburbs
34494,6087,50,UNDEFINED,"Teplická, Praha - Střížkov",Střížkov,40581,,811.62,outer_or_suburbs
19500,4000,35,DISP_2_KK,"Zbraslavská, Praha - Malá Chuchle",Malá Chuchle,23500,2+KK,671.4285714285714,outer_or_suburbs
20000,4500,37,DISP_1_KK,"Roháčova, Praha - Žižkov",Žižkov,24500,1+KK,662.1621621621622,inner_city
29000,3700,70,DISP_3_KK,"V Olšinách, Praha - Vršovice",Vršovice,32700,3+KK,467.14285714285717,inner_city
25000,8539,62,DISP_2_KK,"Klímova, Praha - Radlice",Radlice,33539,2+KK,540.9516129032259,inner_city
26454,4668,40,UNDEFINED,"Rokycanova, Praha - Žižkov",Žižkov,31122,,778.05,inner_city
30000,5800,85,DISP_3_1,"Legerova, Praha - Nové Město",Nové Město,35800,3+1,421.1764705882353,center
18000,3900,35,DISP_1_KK,Praha - Stodůlky,Stodůlky,21900,1+KK,625.7142857142857,outer_or_suburbs
25496,10302,24,UNDEFINED,"Tyršova, Praha - Nové Město",Nové Město,35798,,1491.5833333333333,center
14500,2500,25,DISP_1_KK,"Bolevecká, Praha - Horní Měcholupy",Horní Měcholupy,17000,1+KK,680.0,outer_or_suburbs
18000,6000,61,DISP_2_KK,"Soukalova, Praha - Modřany",Modřany,24000,2+KK,393.44262295081967,outer_or_suburbs
21500,4200,48,DISP_2_KK,"Musílkova, Praha - Košíře",Košíře,25700,2+KK,535.4166666666666,inner_city
38903,6865,36,UNDEFINED,"Tetauerova, Praha - Žižkov",Žižkov,45768,,1271.3333333333333,inner_city
20900,2600,52,DISP_2_KK,"Pod Zahrady, Přezletice - Přezletice, Středočeský kraj",Přezletice,23500,2+KK,451.9230769230769,outer_or_suburbs
18990,0,41,DISP_1_KK,"Nad Akcízem, Praha - Ďáblice",Ďáblice,18990,1+KK,463.1707317073171,outer_or_suburbs
24990,0,28,DISP_1_KK,"V háji, Praha - Holešovice",Holešovice,24990,1+KK,892.5,inner_city
21786,9457,23,UNDEFINED,"U Pernikářky, Praha - Smíchov",Smíchov,31243,,1358.391304347826,inner_city
20500,4298,43,DISP_2_KK,"Vašátkova, Praha - Černý Most",Černý Most,24798,2+KK,576.6976744186046,outer_or_suburbs
23490,0,73,DISP_3_1,"Poznaňská, Praha - Bohnice",Bohnice,23490,3+1,321.7808219178082,outer_or_suburbs
44540,7860,52,UNDEFINED,"Vinohradská, Praha - Vinohrady",Vinohrady,52400,,1007.6923076923077,inner_city
24999,4000,29,DISP_2_KK,"Bělehradská, Praha - Vinohrady",Vinohrady,28999,2+KK,999.9655172413793,inner_city
23000,5000,51,DISP_2_KK,"Hlučkova, Praha - Letňany",Letňany,28000,2+KK,549.0196078431372,outer_or_suburbs
18500,4200,36,DISP_2_KK,"Boleslavova, Praha - Nusle",Nusle,22700,2+KK,630.5555555555555,inner_city
24204,11311,90,UNDEFINED,"Blanická, Praha - Vinohrady",Vinohrady,35515,,394.6111111111111,inner_city
16000,2800,75,DISP_3_1,"U Bažantnice, Praha - Velká Chuchle",Velká Chuchle,18800,3+1,250.66666666666666,outer_or_suburbs
27000,7500,62,DISP_3_KK,"Pod Barvířkou, Praha - Smíchov",Smíchov,34500,3+KK,556.4516129032259,inner_city
24500,4000,56,DISP_2_KK,"Karlovarská, Praha - Řepy",Řepy,28500,2+KK,508.92857142857144,outer_or_suburbs
29900,7300,67,DISP_3_KK,"Podvinný mlýn, Praha - Libeň",Libeň,37200,3+KK,555.223880597015,inner_city
17500,3500,39,DISP_1_KK,"Na Slatince, Praha - Záběhlice",Záběhlice,21000,1+KK,538.4615384615385,outer_or_suburbs
59651,10527,46,UNDEFINED,"Breitfeldova, Praha - Karlín",Karlín,70178,,1525.608695652174,inner_city
18500,3900,37,DISP_1_KK,"Gerstelova, Praha - Vysočany",Vysočany,22400,1+KK,605.4054054054054,inner_city
24500,4600,75,DISP_2_1,"Nučická, Praha - Strašnice",Strašnice,29100,2+1,388.0,inner_city
35238,15613,33,UNDEFINED,"V Lesíčku, Praha - Smíchov",Smíchov,50851,,1540.939393939394,inner_city
18400,4000,33,DISP_1_KK,"Poděbradská, Praha - Hloubětín",Hloubětín,22400,1+KK,678.7878787878788,outer_or_suburbs
49977,8820,45,UNDEFINED,"Veletržní, Praha - Bubeneč",Bubeneč,58797,,1306.6,inner_city
20000,5000,42,DISP_2_KK,"Novodvorská, Praha - Braník",Braník,25000,2+KK,595.2380952380952,inner_city
16700,5300,39,DISP_2_KK,"Tolstého, Praha - Vršovice",Vršovice,22000,2+KK,564.1025641025641,inner_city
51870,9154,130,UNDEFINED,"Mostecká, Praha - Malá Strana",Malá Strana,61024,,469.4153846153846,center
13000,2000,28,DISP_1_KK,"Kostelecká, Praha - Čakovice",Čakovice,15000,1+KK,535.7142857142857,outer_or_suburbs
15000,0,18,GARSONIERA,"Ústecká, Praha - Dolní Chabry",Dolní Chabry,15000,GARSONIERA,833.3333333333334,outer_or_suburbs
19000,4400,42,DISP_1_KK,"Honzíkova, Praha - Dolní Měcholupy",Dolní Měcholupy,23400,1+KK,557.1428571428571,outer_or_suburbs
20000,4000,40,DISP_2_KK,"V Kališti, Praha - Dubeč",Dubeč,24000,2+KK,600.0,outer_or_suburbs
17490,0,30,DISP_1_KK,"U Radosti, Praha - Třebonice",Třebonice,17490,1+KK,583.0,outer_or_suburbs
16500,3000,31,DISP_1_KK,"K Vltavě, Praha - Modřany",Modřany,19500,1+KK,629.0322580645161,outer_or_suburbs
25000,5600,52,DISP_2_KK,Praha - Hloubětín,Hloubětín,30600,2+KK,588.4615384615385,outer_or_suburbs
28000,1000,85,DISP_3_KK,"Bělehradská, Praha - Vinohrady",Vinohrady,29000,3+KK,341.1764705882353,inner_city
23490,0,55,DISP_2_KK,"Dragounská, Praha - Štěrboholy",Štěrboholy,23490,2+KK,427.09090909090907,outer_or_suburbs
35000,4500,85,DISP_3_KK,"Ocelářská, Praha - Libeň",Libeň,39500,3+KK,464.70588235294116,inner_city
27990,0,34,DISP_2_KK,"Vodičkova, Praha - Nové Město",Nové Město,27990,2+KK,823.2352941176471,center
16000,1001,23,DISP_1_KK,"Libocká, Praha - Liboc",Liboc,17001,1+KK,739.1739130434783,outer_or_suburbs
38595,6811,25,UNDEFINED,"Sokolská, Praha - Nové Město",Nové Město,45406,,1816.24,center
17990,4040,28,DISP_1_KK,"Sokolovská, Praha - Vysočany",Vysočany,22030,1+KK,786.7857142857143,inner_city
13175,0,19,GARSONIERA,"K Chotolu, Horoměřice, Středočeský kraj",Horoměřice,13175,GARSONIERA,693.421052631579,outer_or_suburbs
44373,7830,42,UNDEFINED,"Rumunská, Praha - Vinohrady",Vinohrady,52203,,1242.9285714285713,inner_city
17000,4000,28,DISP_1_KK,"Milady Horákové, Praha - Holešovice",Holešovice,21000,1+KK,750.0,inner_city
22000,3000,62,DISP_2_1,"Víta Nejedlého, Praha - Žižkov",Žižkov,25000,2+1,403.2258064516129,inner_city
15990,0,36,DISP_1_1,"Fikerova, Praha - Modřany",Modřany,15990,1+1,444.1666666666667,outer_or_suburbs
22490,0,58,DISP_2_KK,"Tupolevova, Praha - Letňany",Letňany,22490,2+KK,387.7586206896552,outer_or_suburbs
23800,991,55,DISP_2_1,"Drahobejlova, Praha - Libeň",Libeň,24791,2+1,450.74545454545455,inner_city
35000,5400,76,DISP_3_1,"Jordana Jovkova, Praha - Modřany",Modřany,40400,3+1,531.578947368421,outer_or_suburbs
59323,10469,47,UNDEFINED,"Rostovská, Praha - Vršovice",Vršovice,69792,,1484.936170212766,inner_city
24700,5200,59,DISP_2_KK,"Svitákova, Praha - Stodůlky",Stodůlky,29900,2+KK,506.77966101694915,outer_or_suburbs
18000,5000,53,DISP_2_1,Praha - Sedlec,Sedlec,23000,2+1,433.9622641509434,outer_or_suburbs
24000,2100,61,DISP_2_KK,"Košická, Praha - Vršovice",Vršovice,26100,2+KK,427.8688524590164,inner_city
18500,2500,32,DISP_1_KK,"Kovářská, Praha - Libeň",Libeň,21000,1+KK,656.25,inner_city
23342,4119,19,UNDEFINED,"Čelakovského sady, Praha - Nové Město",Nové Město,27461,,1445.3157894736842,center
22000,3900,41,DISP_1_KK,"Na Maninách, Praha - Holešovice",Holešovice,25900,1+KK,631.7073170731708,inner_city
17000,4500,46,DISP_2_KK,"Horoměřice - Horoměřice, Středočeský kraj",Horoměřice,21500,2+KK,467.39130434782606,outer_or_suburbs
21271,3754,28,UNDEFINED,"Branická, Praha - Braník",Braník,25025,,893.75,inner_city
23990,0,60,DISP_2_KK,"Argentinská, Praha - Holešovice",Holešovice,23990,2+KK,399.8333333333333,inner_city
30733,5424,36,UNDEFINED,"Na Zbořenci, Praha - Nové Město",Nové Město,36157,,1004.3611111111111,center
21490,0,50,DISP_1_KK,"Na Rokytce, Praha - Libeň",Libeň,21490,1+KK,429.8,inner_city
20990,0,54,DISP_2_KK,"V dolině, Praha - Michle",Michle,20990,2+KK,388.7037037037037,inner_city
29826,13938,98,UNDEFINED,"Na Okrouhlíku, Praha - Libeň",Libeň,43764,,446.57142857142856,inner_city
29490,0,74,DISP_3_KK,"Petržílkova, Praha - Stodůlky",Stodůlky,29490,3+KK,398.5135135135135,outer_or_suburbs
10900,3000,18,DISP_2_KK,"Kováků, Praha - Smíchov",Smíchov,13900,2+KK,772.2222222222222,inner_city
24000,5900,54,DISP_2_KK,"Bukačova, Praha - Vysočany",Vysočany,29900,2+KK,553.7037037037037,inner_city
18700,3500,34,DISP_1_KK,"Sochorcova, Praha - Háje",Háje,22200,1+KK,652.9411764705883,outer_or_suburbs
20000,4500,65,DISP_2_1,"Pod Kavalírkou, Praha - Košíře",Košíře,24500,2+1,376.9230769230769,inner_city
20000,2000,36,DISP_1_KK,"Davídkova, Praha - Libeň",Libeň,22000,1+KK,611.1111111111111,inner_city
11500,4000,21,DISP_1_1,"Sokolovská, Praha - Libeň",Libeň,15500,1+1,738.0952380952381,inner_city
27900,6356,95,DISP_2_KK,"Oddechová, Praha - Lipence",Lipence,34256,2+KK,360.58947368421053,outer_or_suburbs
24000,8200,47,DISP_2_KK,"Antonínská, Praha - Holešovice",Holešovice,32200,2+KK,685.1063829787234,inner_city
17990,0,40,DISP_2_KK,"Novodvorská, Praha - Braník",Braník,17990,2+KK,449.75,inner_city
30000,6600,100,DISP_3_KK,"Českodubská, Praha - Vinoř",Vinoř,36600,3+KK,366.0,outer_or_suburbs
33650,0,58,DISP_2_KK,"U Pergamenky, Praha - Holešovice",Holešovice,33650,2+KK,580.1724137931035,inner_city
16000,3000,26,DISP_1_1,"Varnsdorfská, Praha - Střížkov",Střížkov,19000,1+1,730.7692307692307,outer_or_suburbs
18900,2499,42,DISP_1_KK,"U měšťanského pivovaru, Praha - Holešovice",Holešovice,21399,1+KK,509.5,inner_city
8000,2500,12,DISP_1_KK,"Vrbenského, Praha - Holešovice",Holešovice,10500,1+KK,875.0,inner_city
22500,4500,50,DISP_2_KK,"5. května, Praha - Nusle",Nusle,27000,2+KK,540.0,inner_city
44990,5000,172,DISP_4_KK,"Milotická, Praha - Zličín",Zličín,49990,4+KK,290.63953488372096,outer_or_suburbs
22990,0,66,DISP_3_KK,"Malkovského, Praha - Letňany",Letňany,22990,3+KK,348.3333333333333,outer_or_suburbs
25300,4700,52,DISP_2_1,"Baranova, Praha - Žižkov",Žižkov,30000,2+1,576.9230769230769,inner_city
17000,3000,39,DISP_1_KK,"Korunní, Praha - Vinohrady",Vinohrady,20000,1+KK,512.8205128205128,inner_city
17500,3500,37,DISP_1_1,"Roháčova, Praha - Žižkov",Žižkov,21000,1+1,567.5675675675676,inner_city
21500,4577,43,DISP_1_KK,"Jankovcova, Praha - Holešovice",Holešovice,26077,1+KK,606.4418604651163,inner_city
19000,4000,43,DISP_2_KK,"Mohylová, Praha - Stodůlky",Stodůlky,23000,2+KK,534.8837209302326,outer_or_suburbs
27000,1500,55,DISP_2_1,"Čajkovského, Praha - Žižkov",Žižkov,28500,2+1,518.1818181818181,inner_city
27000,5279,66,DISP_3_KK,"Třebenická, Praha - Kobylisy",Kobylisy,32279,3+KK,489.07575757575756,inner_city
25000,4900,40,DISP_1_KK,"Breitfeldova, Praha - Karlín",Karlín,29900,1+KK,747.5,inner_city
22000,4685,45,DISP_2_KK,"Hráského, Praha - Chodov",Chodov,26685,2+KK,593.0,outer_or_suburbs
26400,4600,50,DISP_2_KK,"Na Výšinách, Praha - Bubeneč",Bubeneč,31000,2+KK,620.0,inner_city
58787,10374,46,UNDEFINED,"Rybná, Praha - Staré Město",Staré Město,69161,,1503.5,center
35000,8379,139,DISP_3_KK,"Laudonova, Praha - Štěrboholy",Štěrboholy,43379,3+KK,312.0791366906475,outer_or_suburbs
17500,2800,49,DISP_1_1,"Slezská, Praha - Vinohrady",Vinohrady,20300,1+1,414.2857142857143,inner_city
28000,6600,67,DISP_3_KK,"Jurkovičova, Praha - Háje",Háje,34600,3+KK,516.4179104477612,outer_or_suburbs
24000,4700,45,DISP_2_KK,"Hrdličkova, Praha - Chodov",Chodov,28700,2+KK,637.7777777777778,outer_or_suburbs
37000,7600,122,DISP_4_KK,"Nad Okrouhlíkem, Praha - Libeň",Libeň,44600,4+KK,365.57377049180326,inner_city
30051,5303,40,UNDEFINED,"Orebitská, Praha - Žižkov",Žižkov,35354,,883.85,inner_city
29414,5191,29,UNDEFINED,"Plzeňská, Praha - Motol",Motol,34605,,1193.2758620689656,outer_or_suburbs
22900,6900,42,DISP_2_KK,"Kozí, Praha - Staré Město",Staré Město,29800,2+KK,709.5238095238095,center
26000,5800,50,DISP_2_KK,"Hodkovická, Praha - Kamýk",Kamýk,31800,2+KK,636.0,outer_or_suburbs
18900,5500,54,DISP_1_KK,"Smolíkova, Praha - Košíře",Košíře,24400,1+KK,451.85185185185185,inner_city
17500,2500,31,DISP_1_KK,"Františka Štěpánka, Praha - Hostivař",Hostivař,20000,1+KK,645.1612903225806,outer_or_suburbs
35000,6600,70,DISP_3_KK,"Korunní, Praha - Vinohrady",Vinohrady,41600,3+KK,594.2857142857143,inner_city
23990,0,119,DISP_3_1,"Žitná, Šestajovice - Šestajovice u Prahy, Středočeský kraj",Šestajovice,23990,3+1,201.5966386554622,outer_or_suburbs
18000,3080,41,DISP_2_KK,"Kurandové, Praha - Hlubočepy",Hlubočepy,21080,2+KK,514.1463414634146,inner_city
29900,4200,56,DISP_2_1,"Všehrdova, Praha - Malá Strana",Malá Strana,34100,2+1,608.9285714285714,center
40791,7198,29,UNDEFINED,"Rumunská, Praha - Vinohrady",Vinohrady,47989,,1654.7931034482758,inner_city
14650,4050,26,GARSONIERA,"Písnická, Praha - Kamýk",Kamýk,18700,GARSONIERA,719.2307692307693,outer_or_suburbs
23000,6000,53,DISP_2_KK,"Mantovská, Praha - Horní Měcholupy",Horní Měcholupy,29000,2+KK,547.1698113207547,outer_or_suburbs
24000,5800,48,DISP_2_KK,"V Mezihoří, Praha - Libeň",Libeň,29800,2+KK,620.8333333333334,inner_city
27000,5500,74,DISP_3_KK,"Sazovická, Praha - Zličín",Zličín,32500,3+KK,439.18918918918916,outer_or_suburbs
27490,0,63,DISP_2_KK,"Hanusova, Praha - Michle",Michle,27490,2+KK,436.3492063492063,inner_city
17500,3250,30,DISP_1_KK,"Pod Soutratím, Praha - Vršovice",Vršovice,20750,1+KK,691.6666666666666,inner_city
43226,7628,72,UNDEFINED,"Vrázova, Praha - Smíchov",Smíchov,50854,,706.3055555555555,inner_city
45906,21453,100,UNDEFINED,"Nad Václavkou, Praha - Smíchov",Smíchov,67359,,673.59,inner_city
23900,6496,56,DISP_2_1,"Nad Ondřejovem, Praha - Podolí",Podolí,30396,2+1,542.7857142857143,inner_city
22000,3500,50,DISP_2_KK,"Lnářská, Praha - Uhříněves",Uhříněves,25500,2+KK,510.0,outer_or_suburbs
17200,2980,33,DISP_1_KK,"Na Břehu, Praha - Vysočany",Vysočany,20180,1+KK,611.5151515151515,inner_city
48162,8499,100,UNDEFINED,"Milíčova, Praha - Žižkov",Žižkov,56661,,566.61,inner_city
22000,5200,59,DISP_2_KK,"Zdiměřická, Praha - Chodov",Chodov,27200,2+KK,461.0169491525424,outer_or_suburbs
41818,4990,144,DISP_4_1,"Československé armády, Praha - Bubeneč",Bubeneč,46808,4+1,325.05555555555554,inner_city
29990,0,61,DISP_2_KK,"U průhonu, Praha - Holešovice",Holešovice,29990,2+KK,491.6393442622951,inner_city
25000,4000,69,DISP_2_1,"U Třetí baterie, Praha - Břevnov",Břevnov,29000,2+1,420.28985507246375,inner_city
42522,15708,40,UNDEFINED,"U Michelského mlýna, Praha - Michle",Michle,58230,,1455.75,inner_city
25000,5000,47,DISP_3_KK,"Žitavského, Praha - Zbraslav",Zbraslav,30000,3+KK,638.2978723404256,outer_or_suburbs
22000,5500,40,DISP_1_KK,"V Třešňovce, Praha - Hrdlořezy",Hrdlořezy,27500,1+KK,687.5,outer_or_suburbs
30396,5364,55,UNDEFINED,"Švehlova, Praha - Hostivař",Hostivař,35760,,650.1818181818181,outer_or_suburbs
16000,3500,33,DISP_1_KK,"Kadečkové, Praha - Letňany",Letňany,19500,1+KK,590.9090909090909,outer_or_suburbs
27000,2160,22,DISP_1_KK,"Legerova, Praha - Nové Město",Nové Město,29160,1+KK,1325.4545454545455,center
25490,0,73,DISP_3_KK,"Měchenická, Praha - Záběhlice",Záběhlice,25490,3+KK,349.17808219178085,outer_or_suburbs
30068,5306,46,UNDEFINED,"Chodecká, Praha - Břevnov",Břevnov,35374,,769.0,inner_city
26000,8000,105,DISP_3_1,"Václavkova, Praha - Dejvice",Dejvice,34000,3+1,323.8095238095238,inner_city
38000,9500,121,DISP_3_1,"Družstevní ochoz, Praha - Michle",Michle,47500,3+1,392.56198347107437,inner_city
30000,5000,87,DISP_2_KK,"Kudrnova, Praha - Motol",Motol,35000,2+KK,402.2988505747126,outer_or_suburbs
25000,4150,55,DISP_2_1,"Ke Karlovu, Praha - Nové Město",Nové Město,29150,2+1,530.0,center
44000,1000,107,DISP_4_KK,"Polská, Praha - Vinohrady",Vinohrady,45000,4+KK,420.5607476635514,inner_city
19900,4500,34,DISP_1_KK,"U Komína, Praha - Radlice",Radlice,24400,1+KK,717.6470588235294,inner_city
15500,3500,28,DISP_1_KK,"Jahodová, Praha - Záběhlice",Záběhlice,19000,1+KK,678.5714285714286,outer_or_suburbs
24800,6500,62,DISP_2_KK,"Na Lávce, Praha - Záběhlice",Záběhlice,31300,2+KK,504.83870967741933,outer_or_suburbs
29500,5500,75,DISP_2_1,"Sudoměřská, Praha - Žižkov",Žižkov,35000,2+1,466.6666666666667,inner_city
14500,4000,22,DISP_1_KK,"Na Mlejnku, Praha - Braník",Braník,18500,1+KK,840.9090909090909,inner_city
22490,0,47,DISP_1_KK,"Lihovarská, Praha - Libeň",Libeň,22490,1+KK,478.51063829787233,inner_city
23000,3000,60,DISP_2_KK,"Moravanská, Praha - Vinoř",Vinoř,26000,2+KK,433.3333333333333,outer_or_suburbs
17500,3000,42,DISP_1_1,"Fráni Šrámka, Praha - Smíchov",Smíchov,20500,1+1,488.0952380952381,inner_city
52822,9321,55,UNDEFINED,"Rostovská, Praha - Vršovice",Vršovice,62143,,1129.8727272727272,inner_city
28500,5500,70,DISP_2_1,"Korunovační, Praha - Bubeneč",Bubeneč,34000,2+1,485.7142857142857,inner_city
19000,1200,32,DISP_1_KK,"28. pluku, Praha - Vršovice",Vršovice,20200,1+KK,631.25,inner_city
19000,2200,48,DISP_2_KK,"Za Zelenou liškou, Praha - Krč",Krč,21200,2+KK,441.6666666666667,outer_or_suburbs
19900,4459,37,DISP_2_KK,"Třebohostická, Praha - Strašnice",Strašnice,24359,2+KK,658.3513513513514,inner_city
27500,4400,59,DISP_2_KK,"Domalípova, Praha - Hloubětín",Hloubětín,31900,2+KK,540.6779661016949,outer_or_suburbs
18990,0,54,DISP_2_1,"Poděbradská, Praha - Vysočany",Vysočany,18990,2+1,351.6666666666667,inner_city
21900,169,27,DISP_1_KK,"Mukařovského, Praha - Stodůlky",Stodůlky,22069,1+KK,817.3703703703703,outer_or_suburbs
20490,0,39,DISP_2_KK,"Českobrodská, Praha - Běchovice",Běchovice,20490,2+KK,525.3846153846154,outer_or_suburbs
25200,6200,47,DISP_2_KK,"Na Palouku, Praha - Strašnice",Strašnice,31400,2+KK,668.0851063829788,inner_city
23000,7000,60,DISP_2_KK,"Nad Dalejským údolím, Praha - Stodůlky",Stodůlky,30000,2+KK,500.0,outer_or_suburbs
21000,3500,56,DISP_2_KK,"Libočanská, Praha - Prosek",Prosek,24500,2+KK,437.5,inner_city
54896,9688,65,UNDEFINED,"Kafkova, Praha - Dejvice",Dejvice,64584,,993.6,inner_city
23990,0,66,DISP_3_1,"Košťálkova, Praha - Kobylisy",Kobylisy,23990,3+1,363.4848484848485,inner_city
30632,12656,52,UNDEFINED,"U Křížku, Praha - Nusle",Nusle,43288,,832.4615384615385,inner_city
18900,800,46,DISP_2_1,"Muchova, Praha - Dejvice",Dejvice,19700,2+1,428.2608695652174,inner_city
25500,4200,45,DISP_2_KK,"Vrázova, Praha - Smíchov",Smíchov,29700,2+KK,660.0,inner_city
36309,29466,39,UNDEFINED,"Mozartova, Praha - Smíchov",Smíchov,65775,,1686.5384615384614,inner_city
22500,2000,46,DISP_2_KK,"Mexická, Praha - Vršovice",Vršovice,24500,2+KK,532.6086956521739,inner_city
19900,3500,33,DISP_1_KK,"Poděbradská, Praha - Hloubětín",Hloubětín,23400,1+KK,709.0909090909091,outer_or_suburbs
23000,6263,57,DISP_2_KK,"Zákostelní, Praha - Vysočany",Vysočany,29263,2+KK,513.3859649122807,inner_city
18600,3419,42,DISP_1_KK,"Sazovická, Praha - Zličín",Zličín,22019,1+KK,524.2619047619048,outer_or_suburbs
17000,4000,30,DISP_1_KK,"Žitná, Hostivice - Litovice, Středočeský kraj",Hostivice,21000,1+KK,700.0,outer_or_suburbs
24000,1000,47,DISP_2_KK,"Holečkova, Praha - Košíře",Košíře,25000,2+KK,531.9148936170212,inner_city
23000,4050,40,DISP_2_KK,"Veverkova, Praha - Holešovice",Holešovice,27050,2+KK,676.25,inner_city
17000,6000,31,DISP_1_KK,"Pod radnicí, Praha - Košíře",Košíře,23000,1+KK,741.9354838709677,inner_city
30000,7500,80,DISP_3_KK,"Vysočanská, Praha - Prosek",Prosek,37500,3+KK,468.75,inner_city
23000,5000,55,DISP_2_KK,"U Slovanky, Praha - Libeň",Libeň,28000,2+KK,509.09090909090907,inner_city
19900,4426,56,DISP_2_1,"Okořská, Praha - Čimice",Čimice,24326,2+1,434.39285714285717,outer_or_suburbs
18900,7500,60,DISP_2_KK,"Boloňská, Praha - Horní Měcholupy",Horní Měcholupy,26400,2+KK,440.0,outer_or_suburbs
23600,2300,35,DISP_1_1,"Jana Masaryka, Praha - Vinohrady",Vinohrady,25900,1+1,740.0,inner_city
15700,0,28,DISP_1_KK,"Maroldova, Praha - Nusle",Nusle,15700,1+KK,560.7142857142857,inner_city
21000,7000,57,DISP_2_1,"Brunclíkova, Praha - Břevnov",Břevnov,28000,2+1,491.2280701754386,inner_city
23400,1300,59,DISP_2_1,"Jeseniova, Praha - Žižkov",Žižkov,24700,2+1,418.64406779661016,inner_city
16500,5000,42,DISP_2_KK,"Hekrova, Praha - Háje",Háje,21500,2+KK,511.9047619047619,outer_or_suburbs
26000,6600,63,DISP_2_KK,"Žitenická, Praha - Prosek",Prosek,32600,2+KK,517.4603174603175,inner_city
18851,8358,80,UNDEFINED,"Voskovcova, Praha - Hlubočepy",Hlubočepy,27209,,340.1125,inner_city
37400,5500,86,DISP_3_KK,"Peckova, Praha - Karlín",Karlín,42900,3+KK,498.83720930232556,inner_city
19000,3200,34,DISP_1_KK,"Vinohradská, Praha - Žižkov",Žižkov,22200,1+KK,652.9411764705883,inner_city
18500,3000,32,DISP_1_KK,"Poděbradská, Praha - Hloubětín",Hloubětín,21500,1+KK,671.875,outer_or_suburbs
20000,1000,60,DISP_2_KK,"Vršovická, Praha - Vršovice",Vršovice,21000,2+KK,350.0,inner_city
45508,8031,51,UNDEFINED,"Svatoslavova, Praha - Nusle",Nusle,53539,,1049.7843137254902,inner_city
23000,3500,56,DISP_2_KK,"28. pluku, Praha - Vršovice",Vršovice,26500,2+KK,473.2142857142857,inner_city
34900,8556,87,DISP_3_KK,"Waltariho, Praha - Hloubětín",Hloubětín,43456,3+KK,499.4942528735632,outer_or_suburbs
32756,5780,50,UNDEFINED,"Kubelíkova, Praha - Žižkov",Žižkov,38536,,770.72,inner_city
29000,2350,25,DISP_1_KK,"Legerova, Praha - Nové Město",Nové Město,31350,1+KK,1254.0,center
17000,4000,45,DISP_2_KK,"Chabařovická, Praha - Kobylisy",Kobylisy,21000,2+KK,466.6666666666667,inner_city
17000,5500,55,DISP_1_1,"Gabčíkova, Praha - Libeň",Libeň,22500,1+1,409.09090909090907,inner_city
39503,15771,52,UNDEFINED,"Husinecká, Praha - Žižkov",Žižkov,55274,,1062.9615384615386,inner_city
15000,3000,29,DISP_1_KK,"Brtnická, Praha - Michle",Michle,18000,1+KK,620.6896551724138,inner_city
16290,0,40,DISP_2_KK,"Havířovská, Praha - Letňany",Letňany,16290,2+KK,407.25,outer_or_suburbs
23000,5225,53,DISP_2_1,"José Martího, Praha - Veleslavín",Veleslavín,28225,2+1,532.5471698113207,outer_or_suburbs
7950,800,25,GARSONIERA,"Jana Želivského, Praha - Žižkov",Žižkov,8750,GARSONIERA,350.0,inner_city
17500,3200,51,DISP_3_1,"Biskupcova, Praha - Žižkov",Žižkov,20700,3+1,405.88235294117646,inner_city
25591,11533,37,UNDEFINED,"Učňovská, Praha - Hrdlořezy",Hrdlořezy,37124,,1003.3513513513514,outer_or_suburbs
21000,3500,49,DISP_2_1,"Sadská, Praha - Hloubětín",Hloubětín,24500,2+1,500.0,outer_or_suburbs
20000,6200,53,DISP_2_KK,"Pavla Beneše, Praha - Letňany",Letňany,26200,2+KK,494.33962264150944,outer_or_suburbs
24000,5000,56,DISP_2_1,"Buková, Praha - Žižkov",Žižkov,29000,2+1,517.8571428571429,inner_city
17000,5000,43,DISP_2_KK,"Jetřichovická, Praha - Prosek",Prosek,22000,2+KK,511.6279069767442,inner_city
24000,6000,50,DISP_2_KK,"Bukačova, Praha - Vysočany",Vysočany,30000,2+KK,600.0,inner_city
22000,4000,53,DISP_2_1,"Hartigova, Praha - Žižkov",Žižkov,26000,2+1,490.5660377358491,inner_city
14500,4100,24,DISP_1_KK,"Freyova, Praha - Vysočany",Vysočany,18600,1+KK,775.0,inner_city
24500,3450,45,DISP_2_KK,"Sokolovská, Praha - Karlín",Karlín,27950,2+KK,621.1111111111111,inner_city
19990,0,54,DISP_2_KK,"Kafkova, Praha - Dejvice",Dejvice,19990,2+KK,370.18518518518516,inner_city
37581,6632,23,UNDEFINED,"Plzeňská, Praha - Smíchov",Smíchov,44213,,1922.304347826087,inner_city
19999,3000,21,DISP_1_KK,"Bělehradská, Praha - Vinohrady",Vinohrady,22999,1+KK,1095.1904761904761,inner_city
47000,5000,108,DISP_2_KK,"Křižíkova, Praha - Karlín",Karlín,52000,2+KK,481.48148148148147,inner_city
27500,3500,59,DISP_3_KK,"V Dolině, Praha - Michle",Michle,31000,3+KK,525.4237288135594,inner_city
43000,9000,85,DISP_3_KK,"Učňovská, Praha - Hrdlořezy",Hrdlořezy,52000,3+KK,611.7647058823529,outer_or_suburbs
26000,4900,70,DISP_2_KK,"Mezi Vodami, Praha - Modřany",Modřany,30900,2+KK,441.42857142857144,outer_or_suburbs
30000,4200,60,DISP_2_KK,"Nezamyslova, Praha - Nusle",Nusle,34200,2+KK,570.0,inner_city
28000,8000,84,DISP_3_KK,"Žichlínská, Praha - Újezd nad Lesy",Újezd nad Lesy,36000,3+KK,428.57142857142856,outer_or_suburbs
35500,7500,88,DISP_3_KK,"Kladenská, Praha - Dejvice",Dejvice,43000,3+KK,488.6363636363636,inner_city
14490,0,46,DISP_1_KK,"Mimoňská, Praha - Prosek",Prosek,14490,1+KK,315.0,inner_city
23500,5300,65,DISP_3_KK,"Vejvanovského, Praha - Chodov",Chodov,28800,3+KK,443.0769230769231,outer_or_suburbs
16500,4900,36,DISP_1_KK,"Kryšpínova, Praha - Dolní Měcholupy",Dolní Měcholupy,21400,1+KK,594.4444444444445,outer_or_suburbs
23000,5346,57,DISP_2_KK,"Štěchovická, Praha - Strašnice",Strašnice,28346,2+KK,497.29824561403507,inner_city
24500,3500,56,DISP_2_KK,"Zelená, Praha - Bubeneč",Bubeneč,28000,2+KK,500.0,inner_city
14800,2000,19,DISP_1_KK,"Na Ostrůvku, Praha - Nusle",Nusle,16800,1+KK,884.2105263157895,inner_city
15900,4500,37,DISP_1_KK,"Padovská, Praha - Horní Měcholupy",Horní Měcholupy,20400,1+KK,551.3513513513514,outer_or_suburbs
34000,4200,57,DISP_2_KK,"Novovysočanská, Praha - Vysočany",Vysočany,38200,2+KK,670.1754385964912,inner_city
33120,5845,50,UNDEFINED,"Spojovací, Praha - Vysočany",Vysočany,38965,,779.3,inner_city
16000,5000,33,DISP_1_KK,"Šífařská, Praha - Hodkovičky",Hodkovičky,21000,1+KK,636.3636363636364,outer_or_suburbs
35159,6204,24,UNDEFINED,"Sokolská, Praha - Nové Město",Nové Město,41363,,1723.4583333333333,center
30990,0,59,DISP_2_KK,"Sokolova, Praha - Karlín",Karlín,30990,2+KK,525.2542372881356,inner_city
16000,5000,38,DISP_1_KK,"V Osikách, Praha - Dolní Měcholupy",Dolní Měcholupy,21000,1+KK,552.6315789473684,outer_or_suburbs
12000,0,82,DISP_3_1,"Ciolkovského, Praha - Ruzyně",Ruzyně,12000,3+1,146.34146341463415,outer_or_suburbs
23000,5500,59,DISP_2_KK,"Svitákova, Praha - Stodůlky",Stodůlky,28500,2+KK,483.0508474576271,outer_or_suburbs
33000,5500,60,DISP_3_KK,"Paťanka, Praha - Dejvice",Dejvice,38500,3+KK,641.6666666666666,inner_city
54447,9608,50,UNDEFINED,"Rostovská, Praha - Vršovice",Vršovice,64055,,1281.1,inner_city
20800,6500,60,DISP_2_KK,"Bulharská, Praha - Vršovice",Vršovice,27300,2+KK,455.0,inner_city
16490,0,30,DISP_1_KK,"Poděbradská, Praha - Hloubětín",Hloubětín,16490,1+KK,549.6666666666666,outer_or_suburbs
37477,6614,53,UNDEFINED,"Budečská, Praha - Vinohrady",Vinohrady,44091,,831.9056603773585,inner_city
28000,4000,45,DISP_2_KK,"Rejskova, Praha - Vinohrady",Vinohrady,32000,2+KK,711.1111111111111,inner_city
22990,0,55,DISP_3_KK,"náměstí Hrdinů, Praha - Nusle",Nusle,22990,3+KK,418.0,inner_city
30863,5446,43,UNDEFINED,"Zbraslavská, Praha - Malá Chuchle",Malá Chuchle,36309,,844.3953488372093,outer_or_suburbs
18000,5000,42,DISP_2_KK,"Klapkova, Praha - Kobylisy",Kobylisy,23000,2+KK,547.6190476190476,inner_city
22500,1500,53,DISP_2_1,"Krátká, Praha - Vinohrady",Vinohrady,24000,2+1,452.8301886792453,inner_city
21354,3768,65,UNDEFINED,"Plajnerova, Praha - Čakovice",Čakovice,25122,,386.4923076923077,outer_or_suburbs
41497,7323,27,UNDEFINED,"Perucká, Praha - Vinohrady",Vinohrady,48820,,1808.148148148148,inner_city
20000,4200,34,DISP_1_KK,"Bukačova, Praha - Vysočany",Vysočany,24200,1+KK,711.7647058823529,inner_city
37174,6560,74,UNDEFINED,"Prosecka, Praha - Libeň",Libeň,43734,,591.0,inner_city
21700,1301,38,DISP_2_KK,"Slezská, Praha - Vinohrady",Vinohrady,23001,2+KK,605.2894736842105,inner_city
24900,5066,40,DISP_1_1,"Umělecká, Praha - Holešovice",Holešovice,29966,1+1,749.15,inner_city
23990,0,68,DISP_3_1,"Šiškova, Praha - Kobylisy",Kobylisy,23990,3+1,352.79411764705884,inner_city
15000,2850,38,DISP_1_1,"Kotevní, Praha - Smíchov",Smíchov,17850,1+1,469.7368421052632,inner_city
25000,6000,53,DISP_2_KK,"Makedonská, Praha - Střížkov",Střížkov,31000,2+KK,584.9056603773585,outer_or_suburbs
21490,0,55,DISP_2_1,"Arabská, Praha - Vokovice",Vokovice,21490,2+1,390.72727272727275,inner_city
30000,5000,76,DISP_3_1,"Budějovická, Praha - Krč",Krč,35000,3+1,460.5263157894737,outer_or_suburbs
19900,2250,40,DISP_1_1,"Soudní, Praha - Nusle",Nusle,22150,1+1,553.75,inner_city
28851,5091,37,UNDEFINED,"U Parního mlýna, Praha - Holešovice",Holešovice,33942,,917.3513513513514,inner_city
26000,4000,70,DISP_2_KK,"Brožíkova, Praha - Košíře",Košíře,30000,2+KK,428.57142857142856,inner_city
31127,0,54,DISP_2_1,"Svatoslavova, Praha - Nusle",Nusle,31127,2+1,576.425925925926,inner_city
23400,5600,58,DISP_2_KK,"Na Veselí, Praha - Nusle",Nusle,29000,2+KK,500.0,inner_city
18000,4600,43,DISP_2_1,"Vršovická, Praha - Vršovice",Vršovice,22600,2+1,525.5813953488372,inner_city
58355,10298,56,UNDEFINED,"Nekvasilova, Praha - Karlín",Karlín,68653,,1225.9464285714287,inner_city
27000,4200,46,DISP_2_KK,"U Komína, Praha - Radlice",Radlice,31200,2+KK,678.2608695652174,inner_city
23510,11133,33,UNDEFINED,"Sokolovská, Praha - Karlín",Karlín,34643,,1049.7878787878788,inner_city
24000,4217,46,DISP_2_KK,"Hodkovická, Praha - Kamýk",Kamýk,28217,2+KK,613.4130434782609,outer_or_suburbs
18000,2328,49,DISP_2_KK,"Janovská, Praha - Horní Měcholupy",Horní Měcholupy,20328,2+KK,414.85714285714283,outer_or_suburbs
17000,3800,28,DISP_1_KK,"Novgorodská, Praha - Vršovice",Vršovice,20800,1+KK,742.8571428571429,inner_city
16900,2500,33,DISP_1_KK,"Vondroušova, Praha - Řepy",Řepy,19400,1+KK,587.8787878787879,outer_or_suburbs
17900,4500,43,DISP_2_KK,"Doležalova, Praha - Černý Most",Černý Most,22400,2+KK,520.9302325581396,outer_or_suburbs
28745,5073,47,UNDEFINED,"Jerevanská, Praha - Vršovice",Vršovice,33818,,719.531914893617,inner_city
22700,4000,44,DISP_2_KK,"Strančická, Praha - Strašnice",Strašnice,26700,2+KK,606.8181818181819,inner_city
18000,4000,34,DISP_1_KK,"Hábova, Praha - Stodůlky",Stodůlky,22000,1+KK,647.0588235294117,outer_or_suburbs
20000,3200,48,DISP_1_KK,"Gerstelova, Praha - Vysočany",Vysočany,23200,1+KK,483.3333333333333,inner_city
21000,6000,54,DISP_2_KK,"U Traktorky, Praha - Dolní Chabry",Dolní Chabry,27000,2+KK,500.0,outer_or_suburbs
13990,0,33,DISP_1_1,"Pod strojírnami, Praha - Vysočany",Vysočany,13990,1+1,423.93939393939394,inner_city
50384,8891,49,UNDEFINED,"Rostovská, Praha - Vršovice",Vršovice,59275,,1209.6938775510205,inner_city
24000,3750,52,DISP_2_KK,"Sudoměřská, Praha - Žižkov",Žižkov,27750,2+KK,533.6538461538462,inner_city
55226,9746,70,UNDEFINED,"Laurinova, Praha - Stodůlky",Stodůlky,64972,,928.1714285714286,outer_or_suburbs
30000,6700,133,DISP_3_1,"Zoubkova, Praha - Smíchov",Smíchov,36700,3+1,275.9398496240602,inner_city
22000,5500,60,DISP_2_KK,"Blachutova, Praha - Čakovice",Čakovice,27500,2+KK,458.3333333333333,outer_or_suburbs
27000,3992,60,DISP_2_KK,"Poděbradská, Praha - Hloubětín",Hloubětín,30992,2+KK,516.5333333333333,outer_or_suburbs
24977,4408,37,UNDEFINED,"Prvního pluku, Praha - Karlín",Karlín,29385,,794.1891891891892,inner_city
18500,4500,36,DISP_2_KK,"Sekaninova, Praha - Nusle",Nusle,23000,2+KK,638.8888888888889,inner_city
18000,4000,25,DISP_1_KK,"Lublaňská, Praha - Nové Město",Nové Město,22000,1+KK,880.0,center
13000,3600,32,DISP_1_KK,"Krátký lán, Praha - Vokovice",Vokovice,16600,1+KK,518.75,inner_city
18000,4452,47,DISP_1_KK,"Tupolevova, Praha - Letňany",Letňany,22452,1+KK,477.70212765957444,outer_or_suburbs
60000,7200,124,DISP_2_1,"Plaská, Praha - Malá Strana",Malá Strana,67200,2+1,541.9354838709677,center
21000,2000,68,DISP_3_1,"Drahobejlova, Praha - Libeň",Libeň,23000,3+1,338.2352941176471,inner_city
17000,4000,44,DISP_2_KK,"Ke Krči, Praha - Braník",Braník,21000,2+KK,477.27272727272725,inner_city
16000,4700,33,DISP_1_KK,"Kurta Konráda, Praha - Libeň",Libeň,20700,1+KK,627.2727272727273,inner_city
19990,0,40,DISP_1_KK,"Vorařská, Praha - Modřany",Modřany,19990,1+KK,499.75,outer_or_suburbs
15400,0,28,DISP_1_KK,"Škrábkových, Praha - Letňany",Letňany,15400,1+KK,550.0,outer_or_suburbs
18500,3100,31,DISP_1_KK,"Poděbradská, Praha - Vysočany",Vysočany,21600,1+KK,696.7741935483871,inner_city
17000,3000,45,DISP_2_KK,"Nad Ohradou, Praha - Žižkov",Žižkov,20000,2+KK,444.44444444444446,inner_city
24900,4500,50,DISP_2_KK,"Poděbradská, Praha - Hloubětín",Hloubětín,29400,2+KK,588.0,outer_or_suburbs
29500,5940,83,DISP_3_1,"Zárubova, Praha - Kamýk",Kamýk,35440,3+1,426.9879518072289,outer_or_suburbs
24000,4789,50,DISP_2_KK,"Na Prosecké vyhlídce, Praha - Prosek",Prosek,28789,2+KK,575.78,inner_city
27000,4000,52,DISP_2_KK,"28. pluku, Praha - Vršovice",Vršovice,31000,2+KK,596.1538461538462,inner_city
29500,970,97,DISP_3_KK,"Rybalkova, Praha - Vršovice",Vršovice,30470,3+KK,314.12371134020617,inner_city
23000,5900,51,DISP_2_KK,"Na Mlejnku, Praha - Braník",Braník,28900,2+KK,566.6666666666666,inner_city
24000,3500,33,DISP_1_KK,"Horská, Praha - Nové Město",Nové Město,27500,1+KK,833.3333333333334,center
23600,6800,69,DISP_2_KK,"Jurkovičova, Praha - Háje",Háje,30400,2+KK,440.57971014492756,outer_or_suburbs
23500,6515,75,DISP_3_1,"Dědinova, Praha - Chodov",Chodov,30015,3+1,400.2,outer_or_suburbs
27500,4935,63,DISP_2_KK,"Poděbradská, Praha - Vysočany",Vysočany,32435,2+KK,514.8412698412699,inner_city
19000,3751,28,DISP_1_KK,"Sokolovská, Praha - Karlín",Karlín,22751,1+KK,812.5357142857143,inner_city
19700,5200,50,DISP_2_KK,"Škrábkových, Praha - Letňany",Letňany,24900,2+KK,498.0,outer_or_suburbs
18000,3447,42,DISP_2_KK,"Jarní, Hostivice - Hostivice, Středočeský kraj",Hostivice,21447,2+KK,510.64285714285717,outer_or_suburbs
27000,3500,61,DISP_2_KK,"Holečkova, Praha - Smíchov",Smíchov,30500,2+KK,500.0,inner_city
37809,6672,20,UNDEFINED,"Plzeňská, Praha - Smíchov",Smíchov,44481,,2224.05,inner_city
23000,6950,60,DISP_2_1,"Karoliny Světlé, Praha - Staré Město",Staré Město,29950,2+1,499.1666666666667,center
24000,3600,60,DISP_2_KK,"Českomalínská, Praha - Bubeneč",Bubeneč,27600,2+KK,460.0,inner_city
19000,2500,30,DISP_1_KK,"Ondříčkova, Praha - Žižkov",Žižkov,21500,1+KK,716.6666666666666,inner_city
18000,4130,35,DISP_2_KK,"Doudova, Praha - Podolí",Podolí,22130,2+KK,632.2857142857143,inner_city
26000,9000,42,DISP_2_KK,"Čistovická, Praha - Řepy",Řepy,35000,2+KK,833.3333333333334,outer_or_suburbs
22000,1850,60,DISP_1_1,"Slévačská, Praha - Kyje",Kyje,23850,1+1,397.5,outer_or_suburbs
15500,4500,41,DISP_2_KK,"Přístavní, Praha - Holešovice",Holešovice,20000,2+KK,487.8048780487805,inner_city
13990,0,29,DISP_1_KK,"Rochovská, Praha - Hloubětín",Hloubětín,13990,1+KK,482.41379310344826,outer_or_suburbs
18000,0,48,DISP_1_KK,"Jabloňová, Praha - Záběhlice",Záběhlice,18000,1+KK,375.0,outer_or_suburbs
22000,5000,48,DISP_2_KK,"Lužická, Praha - Vinohrady",Vinohrady,27000,2+KK,562.5,inner_city
10000,3000,58,DISP_3_KK,"Stochovská, Praha - Ruzyně",Ruzyně,13000,3+KK,224.13793103448276,outer_or_suburbs
19490,0,43,DISP_2_KK,"Modrá, Praha - Stodůlky",Stodůlky,19490,2+KK,453.25581395348837,outer_or_suburbs
25000,5500,52,DISP_2_1,"Zengrova, Praha - Dejvice",Dejvice,30500,2+1,586.5384615384615,inner_city
11800,0,88,DISP_3_1,"Chalabalova, Praha - Stodůlky",Stodůlky,11800,3+1,134.0909090909091,outer_or_suburbs
24000,3600,48,DISP_2_KK,"Sudoměřská, Praha - Žižkov",Žižkov,27600,2+KK,575.0,inner_city
25000,4500,61,DISP_2_KK,"Komořanská, Praha - Modřany",Modřany,29500,2+KK,483.60655737704917,outer_or_suburbs
28000,850,70,DISP_2_1,"Sokolovská, Praha - Libeň",Libeň,28850,2+1,412.14285714285717,inner_city
14400,5400,34,GARSONIERA,"Sicherova, Praha - Kyje",Kyje,19800,GARSONIERA,582.3529411764706,outer_or_suburbs
34490,0,110,DISP_4_1,"Na Hřebenkách, Praha - Smíchov",Smíchov,34490,4+1,313.54545454545456,inner_city
24900,4000,67,DISP_2_KK,"U Vysočanského pivovaru, Praha - Vysočany",Vysočany,28900,2+KK,431.34328358208955,inner_city
23000,6000,67,DISP_2_KK,"Názovská, Praha - Strašnice",Strašnice,29000,2+KK,432.8358208955224,inner_city
37336,19480,45,UNDEFINED,"Pod dvorem, Praha - Veleslavín",Veleslavín,56816,,1262.5777777777778,outer_or_suburbs
21000,3900,62,DISP_2_KK,"Skloněná, Praha - Vysočany",Vysočany,24900,2+KK,401.61290322580646,inner_city
19500,4000,32,DISP_1_KK,"Herlíkovická, Praha - Kbely",Kbely,23500,1+KK,734.375,outer_or_suburbs
45000,7000,150,DISP_4_1,"Ohnivcova, Praha - Braník",Braník,52000,4+1,346.6666666666667,inner_city
58784,10374,41,UNDEFINED,"Václavské náměstí, Praha - Nové Město",Nové Město,69158,,1686.780487804878,center
37990,0,78,DISP_3_KK,"Tusarova, Praha - Holešovice",Holešovice,37990,3+KK,487.05128205128204,inner_city
53600,9459,60,UNDEFINED,"U Zvonařky g, Praha - Vinohrady",Vinohrady,63059,,1050.9833333333333,inner_city
18000,4500,46,DISP_2_KK,Praha - Stodůlky,Stodůlky,22500,2+KK,489.1304347826087,outer_or_suburbs
24600,6093,92,DISP_3_1,"Půlkruhová, Praha - Vokovice",Vokovice,30693,3+1,333.6195652173913,inner_city
17000,5000,59,DISP_2_1,"17. listopadu, Hostivice - Litovice, Středočeský kraj",Hostivice,22000,2+1,372.8813559322034,outer_or_suburbs
24900,4600,45,DISP_2_KK,"Hartigova, Praha - Žižkov",Žižkov,29500,2+KK,655.5555555555555,inner_city
19990,0,65,DISP_3_1,"Vrbenského, Praha - Holešovice",Holešovice,19990,3+1,307.53846153846155,inner_city
29000,4500,48,DISP_2_KK,"Na Palouku, Praha - Strašnice",Strašnice,33500,2+KK,697.9166666666666,inner_city
25800,3100,56,DISP_2_KK,"Kolmanova, Praha - Modřany",Modřany,28900,2+KK,516.0714285714286,outer_or_suburbs
18990,0,43,DISP_2_KK,"Modrá, Praha - Stodůlky",Stodůlky,18990,2+KK,441.6279069767442,outer_or_suburbs
48490,0,111,DISP_4_KK,"Musílkova, Praha - Košíře",Košíře,48490,4+KK,436.84684684684686,inner_city
47548,18615,56,UNDEFINED,"Slovinská, Praha - Vršovice",Vršovice,66163,,1181.482142857143,inner_city
29000,6000,88,DISP_3_1,"Plamínkové, Praha - Nusle",Nusle,35000,3+1,397.72727272727275,inner_city
21900,169,31,DISP_1_KK,"Mukařovského, Praha - Stodůlky",Stodůlky,22069,1+KK,711.9032258064516,outer_or_suburbs
23900,5500,52,DISP_2_KK,"Žerotínova, Praha - Žižkov",Žižkov,29400,2+KK,565.3846153846154,inner_city
21500,7000,57,DISP_2_KK,"Vltavská, Praha - Smíchov",Smíchov,28500,2+KK,500.0,inner_city
13990,0,20,DISP_1_KK,"Perucká, Praha - Vinohrady",Vinohrady,13990,1+KK,699.5,inner_city
34000,6000,136,DISP_3_KK,"Na Výsledku II, Praha - Nusle",Nusle,40000,3+KK,294.11764705882354,inner_city
25000,6000,85,DISP_2_1,"Betlémské náměstí, Praha - Staré Město",Staré Město,31000,2+1,364.70588235294116,center
31900,3500,78,DISP_2_1,"Dušní, Praha - Staré Město",Staré Město,35400,2+1,453.84615384615387,center
30906,5454,56,UNDEFINED,"Zbraslavská, Praha - Malá Chuchle",Malá Chuchle,36360,,649.2857142857143,outer_or_suburbs
26146,4614,22,UNDEFINED,"Radlická, Praha - Smíchov",Smíchov,30760,,1398.1818181818182,inner_city
38903,6865,25,UNDEFINED,"Sokolská, Praha - Nové Město",Nové Město,45768,,1830.72,center
47548,19203,27,UNDEFINED,"Americká, Praha - Vinohrady",Vinohrady,66751,,2472.259259259259,inner_city
19700,5300,37,DISP_1_KK,"Breitfeldova, Praha - Karlín",Karlín,25000,1+KK,675.6756756756756,inner_city
38000,3900,87,DISP_2_1,"Klimentská, Praha - Nové Město",Nové Město,41900,2+1,481.60919540229884,center
23000,700,96,DISP_2_KK,"Strakonická, Praha - Lahovice",Lahovice,23700,2+KK,246.875,outer_or_suburbs
23000,5000,48,DISP_2_1,"Šafářova, Praha - Hostivař",Hostivař,28000,2+1,583.3333333333334,outer_or_suburbs
24500,5500,45,DISP_2_1,"Blahníkova, Praha - Žižkov",Žižkov,30000,2+1,666.6666666666666,inner_city
10200,2800,22,GARSONIERA,"Pod Karlovarskou silnicí, Praha - Ruzyně",Ruzyně,13000,GARSONIERA,590.9090909090909,outer_or_suburbs
43421,7662,35,UNDEFINED,"Plzeňská, Praha - Smíchov",Smíchov,51083,,1459.5142857142857,inner_city
21000,7000,48,DISP_2_1,"Boučkova, Praha - Břevnov",Břevnov,28000,2+1,583.3333333333334,inner_city
19000,3100,37,DISP_1_KK,"Poděbradská, Praha - Hloubětín",Hloubětín,22100,1+KK,597.2972972972973,outer_or_suburbs
29000,5000,55,DISP_2_KK,Praha - Hlubočepy,Hlubočepy,34000,2+KK,618.1818181818181,inner_city
18900,4400,42,DISP_2_KK,"Františka Kadlece, Praha - Libeň",Libeň,23300,2+KK,554.7619047619048,inner_city
24000,5000,50,DISP_2_KK,"Rybalkova, Praha - Vršovice",Vršovice,29000,2+KK,580.0,inner_city
12500,3000,20,DISP_1_KK,"Pod Sychrovem Ⅰ, Praha - Michle",Michle,15500,1+KK,775.0,inner_city
25990,0,73,DISP_3_KK,"Dubečská, Praha - Strašnice",Strašnice,25990,3+KK,356.027397260274,inner_city
20000,5000,55,DISP_2_1,"V Padolině, Praha - Dolní Počernice",Dolní Počernice,25000,2+1,454.54545454545456,outer_or_suburbs
22000,4200,46,DISP_1_1,"Valdštejnské náměstí, Praha - Malá Strana",Malá Strana,26200,1+1,569.5652173913044,center
25000,4000,66,DISP_2_KK,"Herálecká Ⅳ, Praha - Krč",Krč,29000,2+KK,439.3939393939394,outer_or_suburbs
29000,5800,80,DISP_2_1,"Hartigova, Praha - Žižkov",Žižkov,34800,2+1,435.0,inner_city
23900,3500,46,DISP_2_KK,"Rajmonova, Praha - Kobylisy",Kobylisy,27400,2+KK,595.6521739130435,inner_city
20490,0,59,DISP_2_1,"Antala Staška, Praha - Krč",Krč,20490,2+1,347.2881355932203,outer_or_suburbs
20000,4300,45,DISP_2_KK,"Čimická, Praha - Kobylisy",Kobylisy,24300,2+KK,540.0,inner_city
29756,5251,60,UNDEFINED,"Šárecká, Praha - Dejvice",Dejvice,35007,,583.45,inner_city
23000,4000,54,DISP_1_KK,"Novovysočanská, Praha - Vysočany",Vysočany,27000,1+KK,500.0,inner_city
39454,6962,55,UNDEFINED,"Kubova, Praha - Karlín",Karlín,46416,,843.9272727272727,inner_city
36309,6408,70,UNDEFINED,"Weberova, Praha - Motol",Motol,42717,,610.2428571428571,outer_or_suburbs
12500,0,71,DISP_3_1,"Sámova, Praha - Vršovice",Vršovice,12500,3+1,176.05633802816902,inner_city
16990,0,30,DISP_1_KK,"Ovesná, Hostivice - Litovice, Středočeský kraj",Hostivice,16990,1+KK,566.3333333333334,outer_or_suburbs
25935,4577,50,UNDEFINED,"Kamenická, Praha - Holešovice",Holešovice,30512,,610.24,inner_city
29000,6000,103,DISP_3_1,"Pod Karlovem, Praha - Vinohrady",Vinohrady,35000,3+1,339.80582524271847,inner_city
25240,11846,90,UNDEFINED,"Blanická, Praha - Vinohrady",Vinohrady,37086,,412.06666666666666,inner_city
47548,8391,65,UNDEFINED,"U Půjčovny, Praha - Nové Město",Nové Město,55939,,860.6,center
15000,3000,31,DISP_1_KK,"Sekaninova, Praha - Nusle",Nusle,18000,1+KK,580.6451612903226,inner_city
23500,1300,45,DISP_1_1,"Milady Horákové, Praha - Holešovice",Holešovice,24800,1+1,551.1111111111111,inner_city
17490,0,46,DISP_1_KK,"Hradeckých, Praha - Nusle",Nusle,17490,1+KK,380.2173913043478,inner_city
24000,7650,64,DISP_2_KK,"Wiedermannova, Praha - Stodůlky",Stodůlky,31650,2+KK,494.53125,outer_or_suburbs
38616,6814,20,UNDEFINED,"Nuselská, Praha - Michle",Michle,45430,,2271.5,inner_city
17999,6500,33,DISP_1_KK,"Benešova, Praha - Hlubočepy",Hlubočepy,24499,1+KK,742.3939393939394,inner_city
39500,7000,90,DISP_3_KK,"Vítkova, Praha - Karlín",Karlín,46500,3+KK,516.6666666666666,inner_city
23000,6000,76,DISP_3_1,"Jasmínová, Praha - Záběhlice",Záběhlice,29000,3+1,381.57894736842104,outer_or_suburbs
21500,5000,25,DISP_1_KK,"Tyršova, Praha - Nové Město",Nové Město,26500,1+KK,1060.0,center
42664,7529,36,UNDEFINED,"Bořivojova, Praha - Žižkov",Žižkov,50193,,1394.25,inner_city
21500,6026,58,DISP_2_KK,"Jaromíra Vejvody, Praha - Zbraslav",Zbraslav,27526,2+KK,474.58620689655174,outer_or_suburbs
27000,4000,53,DISP_2_KK,"Vrátnická, Praha - Modřany",Modřany,31000,2+KK,584.9056603773585,outer_or_suburbs
26928,12255,48,UNDEFINED,"Vinohradská, Praha - Strašnice",Strašnice,39183,,816.3125,inner_city
31500,0,47,DISP_2_KK,"Vítězné náměstí, Praha - Bubeneč",Bubeneč,31500,2+KK,670.2127659574468,inner_city
12500,4500,40,DISP_2_1,"Rýdlova, Říčany - Říčany u Prahy, Středočeský kraj",Říčany,17000,2+1,425.0,outer_or_suburbs
25000,3000,52,DISP_2_1,"Herálecká Ⅲ, Praha - Krč",Krč,28000,2+1,538.4615384615385,outer_or_suburbs
23500,5000,51,DISP_2_KK,"U Hostavického potoka, Praha - Hostavice",Hostavice,28500,2+KK,558.8235294117648,outer_or_suburbs
26360,4652,21,UNDEFINED,"Zbraslavská, Praha - Malá Chuchle",Malá Chuchle,31012,,1476.7619047619048,outer_or_suburbs
29900,6400,82,DISP_3_1,"Petržílkova, Praha - Stodůlky",Stodůlky,36300,3+1,442.6829268292683,outer_or_suburbs
10000,0,70,DISP_3_KK,"Janského, Praha - Stodůlky",Stodůlky,10000,3+KK,142.85714285714286,outer_or_suburbs
15500,4000,41,DISP_2_KK,"Hurbanova, Praha - Krč",Krč,19500,2+KK,475.609756097561,outer_or_suburbs
20600,6000,47,DISP_2_KK,"Vybíralova, Praha - Černý Most",Černý Most,26600,2+KK,565.9574468085107,outer_or_suburbs
48759,8604,44,UNDEFINED,"Drahňovická, Praha - Chodov",Chodov,57363,,1303.7045454545455,outer_or_suburbs
17890,5000,45,DISP_2_KK,"Doubravická, Praha - Chodov",Chodov,22890,2+KK,508.6666666666667,outer_or_suburbs
19000,6000,46,DISP_2_KK,"Bajkonurská, Praha - Háje",Háje,25000,2+KK,543.4782608695652,outer_or_suburbs
25000,6240,52,DISP_2_KK,"Jurkovičova, Praha - Háje",Háje,31240,2+KK,600.7692307692307,outer_or_suburbs
21300,5500,43,DISP_1_KK,"Pelušková, Praha - Kyje",Kyje,26800,1+KK,623.2558139534884,outer_or_suburbs
13500,3000,30,DISP_1_KK,"Na Kopečku, Praha - Libeň",Libeň,16500,1+KK,550.0,inner_city
21000,2500,29,DISP_1_KK,"Holečkova, Praha - Košíře",Košíře,23500,1+KK,810.3448275862069,inner_city
19000,2200,47,DISP_1_1,"Sarajevská, Praha - Vinohrady",Vinohrady,21200,1+1,451.06382978723406,inner_city
52822,9321,58,UNDEFINED,"U Pergamenky a, Praha - Holešovice",Holešovice,62143,,1071.4310344827586,inner_city
21900,4200,49,DISP_2_1,"Na Louži, Praha - Vršovice",Vršovice,26100,2+1,532.6530612244898,inner_city
37706,6654,53,UNDEFINED,"namesti generala Kutlvasra, Praha - Nusle",Nusle,44360,,836.9811320754717,inner_city
30700,0,47,DISP_2_KK,"U Pergamenky, Praha - Holešovice",Holešovice,30700,2+KK,653.1914893617021,inner_city
32713,14353,35,UNDEFINED,"Bulharská, Praha - Vršovice",Vršovice,47066,,1344.7428571428572,inner_city
16500,0,27,DISP_1_KK,"Olgy Havlové, Praha - Žižkov",Žižkov,16500,1+KK,611.1111111111111,inner_city
22000,4500,45,DISP_2_KK,"Hráského, Praha - Chodov",Chodov,26500,2+KK,588.8888888888889,outer_or_suburbs
26000,2000,30,DISP_1_KK,"Záhřebská, Praha - Vinohrady",Vinohrady,28000,1+KK,933.3333333333334,inner_city
25900,5700,69,DISP_2_KK,"U Uranie, Praha - Holešovice",Holešovice,31600,2+KK,457.9710144927536,inner_city
20000,3500,24,DISP_1_1,"Hálkova, Praha - Nové Město",Nové Město,23500,1+1,979.1666666666666,center
17900,3600,40,DISP_1_1,"Kladenská, Praha - Vokovice",Vokovice,21500,1+1,537.5,inner_city
16990,0,30,DISP_1_KK,"Miroslava Hajna, Praha - Letňany",Letňany,16990,1+KK,566.3333333333334,outer_or_suburbs
25000,5000,63,DISP_2_KK,"Zvěřinova, Praha - Strašnice",Strašnice,30000,2+KK,476.1904761904762,inner_city
20000,5000,31,GARSONIERA,"Zahradníčkova, Praha - Košíře",Košíře,25000,GARSONIERA,806.4516129032259,inner_city
14000,0,18,GARSONIERA,"Klánova, Praha - Braník",Braník,14000,GARSONIERA,777.7777777777778,inner_city
25000,5000,88,DISP_2_1,"Koulova, Praha - Dejvice",Dejvice,30000,2+1,340.90909090909093,inner_city
24400,1500,30,DISP_1_KK,"Kališnická, Praha - Žižkov",Žižkov,25900,1+KK,863.3333333333334,inner_city
22500,0,53,DISP_2_KK,"Kabešova, Praha - Vysočany",Vysočany,22500,2+KK,424.52830188679246,inner_city
21000,4000,65,DISP_3_KK,"Nad Lesním divadlem, Praha - Braník",Braník,25000,3+KK,384.61538461538464,inner_city
19490,6000,33,DISP_1_KK,"Wassermannova, Praha - Hlubočepy",Hlubočepy,25490,1+KK,772.4242424242424,inner_city
18490,0,47,DISP_2_KK,"Slavatova, Praha - Kyje",Kyje,18490,2+KK,393.40425531914894,outer_or_suburbs
19900,4070,36,DISP_1_KK,"Gerstelova, Praha - Vysočany",Vysočany,23970,1+KK,665.8333333333334,inner_city
32900,2600,92,DISP_2_1,"Chodská, Praha - Vinohrady",Vinohrady,35500,2+1,385.8695652173913,inner_city
25000,4900,67,DISP_3_KK,"Komenského, Horoměřice - Horoměřice, Středočeský kraj",Horoměřice,29900,3+KK,446.2686567164179,outer_or_suburbs
15000,4500,28,DISP_1_KK,"Pokorného, Praha - Hloubětín",Hloubětín,19500,1+KK,696.4285714285714,outer_or_suburbs
9000,2800,24,GARSONIERA,"Lýskova, Praha - Stodůlky",Stodůlky,11800,GARSONIERA,491.6666666666667,outer_or_suburbs
22000,5387,35,DISP_1_KK,"Ramonova, Praha - Strašnice",Strašnice,27387,1+KK,782.4857142857143,inner_city
22000,4000,27,DISP_1_KK,Praha - Újezd u Průhonic,Újezd u Průhonic,26000,1+KK,962.9629629629629,outer_or_suburbs
23950,3050,47,DISP_2_KK,"Kováků, Praha - Smíchov",Smíchov,27000,2+KK,574.468085106383,inner_city
25000,5200,67,DISP_2_KK,"Poděbradská, Praha - Hloubětín",Hloubětín,30200,2+KK,450.74626865671644,outer_or_suburbs
19990,0,51,DISP_2_KK,"Podolská, Praha - Podolí",Podolí,19990,2+KK,391.96078431372547,inner_city
32000,7200,89,DISP_3_KK,"Jeřabinová, Praha - Smíchov",Smíchov,39200,3+KK,440.44943820224717,inner_city
17000,1800,36,DISP_1_1,"Lupáčova, Praha - Žižkov",Žižkov,18800,1+1,522.2222222222222,inner_city
16900,2900,24,GARSONIERA,"U Pekařky, Praha - Libeň",Libeň,19800,GARSONIERA,825.0,inner_city
60000,8000,134,DISP_3_KK,"Laubova, Praha - Vinohrady",Vinohrady,68000,3+KK,507.46268656716416,inner_city
19000,4300,44,DISP_1_KK,"Olgy Havlové, Praha - Žižkov",Žižkov,23300,1+KK,529.5454545454545,inner_city
22900,4500,55,DISP_2_1,"náměstí Svatopluka Čecha, Praha - Vršovice",Vršovice,27400,2+1,498.1818181818182,inner_city
19000,2000,23,DISP_1_KK,"Janáčkovo nábřeží, Praha - Smíchov",Smíchov,21000,1+KK,913.0434782608696,inner_city
32000,1904,55,DISP_2_KK,"Sudoměřská, Praha - Žižkov",Žižkov,33904,2+KK,616.4363636363636,inner_city
21900,3600,50,DISP_2_KK,"Hrdlořezská, Praha - Hrdlořezy",Hrdlořezy,25500,2+KK,510.0,outer_or_suburbs
25000,4500,34,DISP_1_KK,"Boleslavova, Praha - Nusle",Nusle,29500,1+KK,867.6470588235294,inner_city
24138,4260,160,UNDEFINED,"Ruská, Praha - Vršovice",Vršovice,28398,,177.4875,inner_city
33900,5000,89,DISP_3_KK,"U Vysočanského pivovaru, Praha - Vysočany",Vysočany,38900,3+KK,437.07865168539325,inner_city
18000,0,34,DISP_2_KK,"Nepomuckých, Praha - Letňany",Letňany,18000,2+KK,529.4117647058823,outer_or_suburbs
29000,6570,87,DISP_4_KK,"K Rovinám, Praha - Jinonice",Jinonice,35570,4+KK,408.85057471264366,inner_city
41038,7242,35,UNDEFINED,"Ostrovského, Praha - Smíchov",Smíchov,48280,,1379.4285714285713,inner_city
31575,15231,35,UNDEFINED,"Hlaváčkova, Praha - Košíře",Košíře,46806,,1337.3142857142857,inner_city
24000,5600,52,DISP_2_KK,"Františka Jansy, Praha - Dolní Měcholupy",Dolní Měcholupy,29600,2+KK,569.2307692307693,outer_or_suburbs
22000,5000,44,DISP_2_KK,"Jana Želivského, Praha - Žižkov",Žižkov,27000,2+KK,613.6363636363636,inner_city
33450,4500,93,DISP_3_KK,"Přemyslovská, Praha - Vinohrady",Vinohrady,37950,3+KK,408.06451612903226,inner_city
37830,6676,23,UNDEFINED,"Plzeňská, Praha - Smíchov",Smíchov,44506,,1935.0434782608695,inner_city
28959,5110,34,UNDEFINED,"Zbraslavská, Praha - Malá Chuchle",Malá Chuchle,34069,,1002.0294117647059,outer_or_suburbs
25000,1600,60,DISP_2_1,"Jeremenkova, Praha - Podolí",Podolí,26600,2+1,443.3333333333333,inner_city
28000,3151,63,DISP_2_KK,"Křižíkova, Praha - Karlín",Karlín,31151,2+KK,494.46031746031747,inner_city
13890,3480,16,DISP_1_KK,"Molákova, Praha - Karlín",Karlín,17370,1+KK,1085.625,inner_city
32300,6700,88,DISP_5_KK,"Oblouková, Praha - Vršovice",Vršovice,39000,5+KK,443.1818181818182,inner_city
33500,8860,94,DISP_3_KK,"Laurinova, Praha - Stodůlky",Stodůlky,42360,3+KK,450.63829787234044,outer_or_suburbs
17000,3000,20,DISP_1_KK,"Jenečská, Praha - Liboc",Liboc,20000,1+KK,1000.0,outer_or_suburbs
16990,0,49,DISP_2_KK,"Kukelská, Praha - Hloubětín",Hloubětín,16990,2+KK,346.734693877551,outer_or_suburbs
53173,9383,40,UNDEFINED,"Washingtonova, Praha - Nové Město",Nové Město,62556,,1563.9,center
18900,1001,30,DISP_1_KK,"Drahobejlova, Praha - Libeň",Libeň,19901,1+KK,663.3666666666667,inner_city
31088,5486,35,UNDEFINED,"Koněvova, Praha - Žižkov",Žižkov,36574,,1044.9714285714285,inner_city
43883,7744,39,UNDEFINED,"Svatoslavova, Praha - Nusle",Nusle,51627,,1323.7692307692307,inner_city
14500,4700,34,DISP_1_KK,"Sluneční náměstí, Praha - Stodůlky",Stodůlky,19200,1+KK,564.7058823529412,outer_or_suburbs
23000,7200,65,DISP_2_1,"Chlumova, Praha - Žižkov",Žižkov,30200,2+1,464.61538461538464,inner_city
15490,0,45,DISP_2_KK,"U zeleného ptáka, Praha - Kunratice",Kunratice,15490,2+KK,344.22222222222223,outer_or_suburbs
19500,2990,28,DISP_1_KK,"Poděbradská, Praha - Hloubětín",Hloubětín,22490,1+KK,803.2142857142857,outer_or_suburbs
27700,7880,62,DISP_3_KK,"Terronská, Praha - Bubeneč",Bubeneč,35580,3+KK,573.8709677419355,inner_city
26500,5000,65,DISP_2_1,"Vysokoškolská, Praha - Suchdol",Suchdol,31500,2+1,484.61538461538464,outer_or_suburbs
28500,5400,75,DISP_2_KK,"Pod Pramenem, Praha - Nusle",Nusle,33900,2+KK,452.0,inner_city
26500,6580,53,DISP_2_KK,"Za Vackovem, Praha - Žižkov",Žižkov,33080,2+KK,624.1509433962265,inner_city
8000,2500,16,OSTATNI,Praha - Chodov,Chodov,10500,,656.25,outer_or_suburbs
28000,5000,72,DISP_3_KK,"Kálikova, Praha - Stodůlky",Stodůlky,33000,3+KK,458.3333333333333,outer_or_suburbs
19000,6000,25,DISP_1_KK,"Plynární, Praha - Holešovice",Holešovice,25000,1+KK,1000.0,inner_city
31901,5629,52,UNDEFINED,"Svitákova, Praha - Stodůlky",Stodůlky,37530,,721.7307692307693,outer_or_suburbs
24000,3300,46,DISP_2_KK,"Biskupcova, Praha - Žižkov",Žižkov,27300,2+KK,593.4782608695652,inner_city
19490,0,64,DISP_1_KK,"Nad Výšinkou, Praha - Smíchov",Smíchov,19490,1+KK,304.53125,inner_city
22000,4000,61,DISP_2_1,"Kubánské náměstí, Praha - Vršovice",Vršovice,26000,2+1,426.2295081967213,inner_city
28400,3600,43,DISP_2_KK,"Jeřabinová, Praha - Motol",Motol,32000,2+KK,744.1860465116279,outer_or_suburbs
20990,0,53,DISP_2_KK,"Františka Diviše, Praha - Uhříněves",Uhříněves,20990,2+KK,396.0377358490566,outer_or_suburbs
15000,5000,36,DISP_1_KK,"Libeř - Libeň u Libeře, Středočeský kraj",Libeř,20000,1+KK,555.5555555555555,outer_or_suburbs
53132,9376,45,UNDEFINED,"Michelská d, Praha - Michle",Michle,62508,,1389.0666666666666,inner_city
45900,8200,109,DISP_4_KK,"Walterovo náměstí, Praha - Jinonice",Jinonice,54100,4+KK,496.3302752293578,inner_city
15600,2000,24,DISP_1_KK,"Bulharská, Praha - Vršovice",Vršovice,17600,1+KK,733.3333333333334,inner_city
19800,0,52,DISP_2_KK,"Trnkovo náměstí, Praha - Hlubočepy",Hlubočepy,19800,2+KK,380.7692307692308,inner_city
19000,4000,59,DISP_2_KK,"Františka Diviše, Praha - Uhříněves",Uhříněves,23000,2+KK,389.8305084745763,outer_or_suburbs
22000,600,75,DISP_2_1,"Valčíkova, Praha - Libeň",Libeň,22600,2+1,301.3333333333333,inner_city
19500,4000,41,DISP_1_KK,"Vrátnická, Praha - Modřany",Modřany,23500,1+KK,573.170731707317,outer_or_suburbs
29530,5211,45,UNDEFINED,"Petřínská, Praha - Malá Strana",Malá Strana,34741,,772.0222222222222,center
18000,4500,36,DISP_1_KK,"Milánská, Praha - Horní Měcholupy",Horní Měcholupy,22500,1+KK,625.0,outer_or_suburbs
28953,5109,36,UNDEFINED,"Zbraslavská, Praha - Malá Chuchle",Malá Chuchle,34062,,946.1666666666666,outer_or_suburbs
30258,5340,30,UNDEFINED,"Hartigova, Praha - Žižkov",Žižkov,35598,,1186.6,inner_city
20500,4500,48,DISP_2_1,"Ke Strašnické, Praha - Strašnice",Strašnice,25000,2+1,520.8333333333334,inner_city
24700,4300,55,DISP_2_KK,"Komornická, Praha - Dejvice",Dejvice,29000,2+KK,527.2727272727273,inner_city
20000,1000,44,DISP_2_KK,"Čistovická, Praha - Řepy",Řepy,21000,2+KK,477.27272727272725,outer_or_suburbs
13500,0,100,DISP_4_KK,"K Horoměřicům, Praha - Suchdol",Suchdol,13500,4+KK,135.0,outer_or_suburbs
20000,2500,21,DISP_1_KK,"Hartigova, Praha - Žižkov",Žižkov,22500,1+KK,1071.4285714285713,inner_city
23500,6000,55,DISP_2_KK,"Hartigova, Praha - Žižkov",Žižkov,29500,2+KK,536.3636363636364,inner_city
16000,4500,33,DISP_2_KK,"Černého, Praha - Střížkov",Střížkov,20500,2+KK,621.2121212121212,outer_or_suburbs
18200,0,33,DISP_1_KK,"Českomoravská, Praha - Libeň",Libeň,18200,1+KK,551.5151515151515,inner_city
22000,5171,52,DISP_2_KK,"Mattioliho, Praha - Záběhlice",Záběhlice,27171,2+KK,522.5192307692307,outer_or_suburbs
18000,4000,35,DISP_1_KK,"U Stojanu, Praha - Chodov",Chodov,22000,1+KK,628.5714285714286,outer_or_suburbs
13990,0,33,DISP_1_KK,"Poděbradská, Praha - Vysočany",Vysočany,13990,1+KK,423.93939393939394,inner_city
22000,3500,58,DISP_2_KK,"Arabská, Praha - Vokovice",Vokovice,25500,2+KK,439.6551724137931,inner_city
24990,0,73,DISP_3_KK,"Nevanova, Praha - Řepy",Řepy,24990,3+KK,342.32876712328766,outer_or_suburbs
29900,2400,72,DISP_2_1,"V Kolkovně, Praha - Staré Město",Staré Město,32300,2+1,448.6111111111111,center
24000,6700,62,DISP_1_KK,"Novobohdalecká, Praha - Michle",Michle,30700,1+KK,495.16129032258067,inner_city
14490,0,26,DISP_1_KK,"Peroutkova, Praha - Jinonice",Jinonice,14490,1+KK,557.3076923076923,inner_city
19490,0,45,DISP_2_1,"Na Petřinách, Praha - Střešovice",Střešovice,19490,2+1,433.1111111111111,inner_city
17500,3800,37,DISP_1_KK,"Pod Viaduktem, Praha - Stodůlky",Stodůlky,21300,1+KK,575.6756756756756,outer_or_suburbs
24891,4392,50,UNDEFINED,"Hartigova, Praha - Žižkov",Žižkov,29283,,585.66,inner_city
24000,5990,60,DISP_2_1,"Pod dálnicí, Praha - Michle",Michle,29990,2+1,499.8333333333333,inner_city
17500,2631,35,DISP_1_KK,"Gerstelova, Praha - Vysočany",Vysočany,20131,1+KK,575.1714285714286,inner_city
23000,4510,47,DISP_2_KK,"Čenětická, Praha - Chodov",Chodov,27510,2+KK,585.3191489361702,outer_or_suburbs
18000,5000,36,DISP_1_KK,"Chlebovická, Praha - Letňany",Letňany,23000,1+KK,638.8888888888889,outer_or_suburbs
18000,4000,34,DISP_1_KK,"Počernická, Praha - Malešice",Malešice,22000,1+KK,647.0588235294117,outer_or_suburbs
28900,6000,73,DISP_3_1,"Tuchorazská, Praha - Malešice",Malešice,34900,3+1,478.0821917808219,outer_or_suburbs
16000,3000,33,DISP_1_KK,"Sládkovičova, Praha - Krč",Krč,19000,1+KK,575.7575757575758,outer_or_suburbs
19000,3500,33,DISP_1_KK,"U Tesly, Praha - Hloubětín",Hloubětín,22500,1+KK,681.8181818181819,outer_or_suburbs
23900,4500,48,DISP_2_KK,"V Stráni, Praha - Košíře",Košíře,28400,2+KK,591.6666666666666,inner_city
15000,0,32,DISP_1_KK,"Přímá, Praha - Smíchov",Smíchov,15000,1+KK,468.75,inner_city
19900,3600,33,DISP_1_KK,"Dačického, Praha - Nusle",Nusle,23500,1+KK,712.1212121212121,inner_city
28909,5102,37,UNDEFINED,"Kolbenova, Praha - Vysočany",Vysočany,34011,,919.2162162162163,inner_city
46330,8176,25,UNDEFINED,"Varšavská, Praha - Vinohrady",Vinohrady,54506,,2180.24,inner_city
15000,2460,28,DISP_1_KK,"Mattioliho, Praha - Záběhlice",Záběhlice,17460,1+KK,623.5714285714286,outer_or_suburbs
26000,5700,57,DISP_2_KK,"Piskáčkových, Praha - Vysočany",Vysočany,31700,2+KK,556.140350877193,inner_city
21490,0,50,DISP_2_1,"Herálecká I, Praha - Krč",Krč,21490,2+1,429.8,outer_or_suburbs
30000,2500,94,DISP_2_KK,"Navrátilova, Praha - Nové Město",Nové Město,32500,2+KK,345.74468085106383,center
16490,0,35,DISP_1_KK,"Poděbradská, Praha - Hloubětín",Hloubětín,16490,1+KK,471.14285714285717,outer_or_suburbs
46727,8246,40,UNDEFINED,"Veletržní, Praha - Bubeneč",Bubeneč,54973,,1374.325,inner_city
29500,5000,95,DISP_3_KK,"U Včely, Praha - Zbraslav",Zbraslav,34500,3+KK,363.1578947368421,outer_or_suburbs
13000,3500,32,DISP_1_1,"Varnsdorfská, Praha - Střížkov",Střížkov,16500,1+1,515.625,outer_or_suburbs
25000,4000,42,DISP_2_1,"Zengrova, Praha - Dejvice",Dejvice,29000,2+1,690.4761904761905,inner_city
15400,0,32,DISP_1_KK,"Mattioliho, Praha - Záběhlice",Záběhlice,15400,1+KK,481.25,outer_or_suburbs
19900,4500,43,DISP_1_KK,"V Třešňovce, Praha - Hrdlořezy",Hrdlořezy,24400,1+KK,567.4418604651163,outer_or_suburbs
19990,0,41,DISP_2_KK,"Pelušková, Praha - Kyje",Kyje,19990,2+KK,487.5609756097561,outer_or_suburbs
21000,4600,35,DISP_1_KK,"Poděbradská, Praha - Vysočany",Vysočany,25600,1+KK,731.4285714285714,inner_city
27000,3500,89,DISP_3_1,"Libáňská, Praha - Horní Počernice",Horní Počernice,30500,3+1,342.69662921348316,outer_or_suburbs
17490,5000,33,DISP_1_KK,"Zahradníčkova, Praha - Košíře",Košíře,22490,1+KK,681.5151515151515,inner_city
38000,6000,80,DISP_3_KK,"V Cibulkách, Praha - Košíře",Košíře,44000,3+KK,550.0,inner_city
30000,9300,77,DISP_3_KK,"Pod Hliništěm, Praha - Kobylisy",Kobylisy,39300,3+KK,510.38961038961037,inner_city
19990,0,52,DISP_2_KK,"Na Císařce, Praha - Smíchov",Smíchov,19990,2+KK,384.4230769230769,inner_city
29500,6000,78,DISP_3_KK,"Láskova, Praha - Chodov",Chodov,35500,3+KK,455.12820512820514,outer_or_suburbs
21900,4500,49,DISP_1_KK,"U Zátiší, Praha - Hodkovičky",Hodkovičky,26400,1+KK,538.7755102040817,outer_or_suburbs
26990,0,93,DISP_3_1,"Velká skála, Praha - Troja",Troja,26990,3+1,290.21505376344084,outer_or_suburbs
20000,4000,35,DISP_1_1,"Na Petynce, Praha - Střešovice",Střešovice,24000,1+1,685.7142857142857,inner_city
31990,0,68,DISP_3_KK,"Vokáčova, Praha - Michle",Michle,31990,3+KK,470.44117647058823,inner_city
26376,12326,60,UNDEFINED,"U Sluncové, Praha - Karlín",Karlín,38702,,645.0333333333333,inner_city
30541,5390,41,UNDEFINED,"Kouřimská, Praha - Vinohrady",Vinohrady,35931,,876.3658536585366,inner_city
47548,8391,49,UNDEFINED,"U Okrouhlíku c, Praha - Smíchov",Smíchov,55939,,1141.6122448979593,inner_city
19000,4000,44,DISP_2_KK,"U Jezera, Praha - Stodůlky",Stodůlky,23000,2+KK,522.7272727272727,outer_or_suburbs
30906,5454,44,UNDEFINED,"Zbraslavská, Praha - Malá Chuchle",Malá Chuchle,36360,,826.3636363636364,outer_or_suburbs
21990,5500,35,DISP_2_KK,"Na Jarově, Praha - Žižkov",Žižkov,27490,2+KK,785.4285714285714,inner_city
59000,11000,190,DISP_5_1,"U Dvojdomů, Praha - Hostivař",Hostivař,70000,5+1,368.42105263157896,outer_or_suburbs
36500,4500,50,DISP_2_KK,"Horská, Praha - Nové Město",Nové Město,41000,2+KK,820.0,center
19000,2499,37,DISP_1_1,"Bořivojova, Praha - Žižkov",Žižkov,21499,1+1,581.0540540540541,inner_city
34000,5000,81,DISP_3_KK,"Belgická, Praha - Vinohrady",Vinohrady,39000,3+KK,481.48148148148147,inner_city
20990,0,48,DISP_2_KK,"Baranova, Praha - Žižkov",Žižkov,20990,2+KK,437.2916666666667,inner_city
25000,4000,46,DISP_2_KK,"Pod Harfou, Praha - Vysočany",Vysočany,29000,2+KK,630.4347826086956,inner_city
29299,13694,29,UNDEFINED,"Slavíkova, Praha - Žižkov",Žižkov,42993,,1482.5172413793102,inner_city
33000,3000,39,DISP_2_KK,"Bořivojova, Praha - Žižkov",Žižkov,36000,2+KK,923.0769230769231,inner_city
23990,0,54,DISP_2_1,"Na Petřinách, Praha - Břevnov",Břevnov,23990,2+1,444.25925925925924,inner_city
20000,5000,43,DISP_1_KK,"U Hranic, Praha - Strašnice",Strašnice,25000,1+KK,581.3953488372093,inner_city
23500,980,52,DISP_2_KK,"Jana Zajíce, Praha - Bubeneč",Bubeneč,24480,2+KK,470.7692307692308,inner_city
18000,4000,43,DISP_2_KK,"Firkušného, Praha - Uhříněves",Uhříněves,22000,2+KK,511.6279069767442,outer_or_suburbs
16500,3335,40,DISP_1_KK,"Miroslava Hajna, Praha - Letňany",Letňany,19835,1+KK,495.875,outer_or_suburbs
20000,3100,36,DISP_1_KK,"Bukačova, Praha - Vysočany",Vysočany,23100,1+KK,641.6666666666666,inner_city
16000,1600,50,DISP_1_1,"Sokolovská, Praha - Vysočany",Vysočany,17600,1+1,352.0,inner_city
18900,4100,30,DISP_1_KK,"Molákova, Praha - Karlín",Karlín,23000,1+KK,766.6666666666666,inner_city
29000,5000,42,DISP_2_KK,"Sarajevská, Praha - Vinohrady",Vinohrady,34000,2+KK,809.5238095238095,inner_city
28000,5693,66,DISP_2_KK,"Cholupická, Praha - Kamýk",Kamýk,33693,2+KK,510.5,outer_or_suburbs
28900,169,60,DISP_2_KK,"Mukařovského, Praha - Stodůlky",Stodůlky,29069,2+KK,484.48333333333335,outer_or_suburbs
27500,5581,49,DISP_2_KK,"Na Pomezí, Praha - Košíře",Košíře,33081,2+KK,675.1224489795918,inner_city
22500,4800,58,DISP_2_KK,"Tvrdého, Praha - Letňany",Letňany,27300,2+KK,470.6896551724138,outer_or_suburbs
25000,5000,55,DISP_2_KK,"Kafkova, Praha - Dejvice",Dejvice,30000,2+KK,545.4545454545455,inner_city
19900,4500,33,DISP_1_KK,"Zálesí, Praha - Krč",Krč,24400,1+KK,739.3939393939394,outer_or_suburbs
22800,4000,42,DISP_2_KK,"Werichova, Praha - Hlubočepy",Hlubočepy,26800,2+KK,638.0952380952381,inner_city
32900,5000,71,DISP_4_KK,"V Nových Bohnicích, Praha - Bohnice",Bohnice,37900,4+KK,533.8028169014085,outer_or_suburbs
32900,5000,105,DISP_3_KK,"Pod Zahrady, Přezletice - Přezletice, Středočeský kraj",Přezletice,37900,3+KK,360.95238095238096,outer_or_suburbs
46917,23254,79,UNDEFINED,"Polská, Praha - Vinohrady",Vinohrady,70171,,888.2405063291139,inner_city
21900,3200,36,DISP_1_KK,"Odkolkova, Praha - Vysočany",Vysočany,25100,1+KK,697.2222222222222,inner_city
20000,4540,40,DISP_1_KK,"Budovcova, Praha - Žižkov",Žižkov,24540,1+KK,613.5,inner_city
24000,2800,29,DISP_1_KK,"Krymská, Praha - Vršovice",Vršovice,26800,1+KK,924.1379310344828,inner_city
14990,0,17,DISP_1_KK,"Radlická, Praha - Smíchov",Smíchov,14990,1+KK,881.7647058823529,inner_city
12000,2200,25,GARSONIERA,"Hvozdíková, Praha - Záběhlice",Záběhlice,14200,GARSONIERA,568.0,outer_or_suburbs
17500,3260,28,DISP_1_KK,"K Barrandovu, Praha - Hlubočepy",Hlubočepy,20760,1+KK,741.4285714285714,inner_city
38000,9300,90,DISP_4_KK,"Generála Šišky, Praha - Modřany",Modřany,47300,4+KK,525.5555555555555,outer_or_suburbs
21000,2500,46,DISP_2_KK,"Oldřichova, Praha - Nusle",Nusle,23500,2+KK,510.8695652173913,inner_city
22000,5000,47,DISP_2_KK,"Slávy Horníka, Praha - Košíře",Košíře,27000,2+KK,574.468085106383,inner_city
50142,8848,40,UNDEFINED,"Dlážděná, Praha - Nové Město",Nové Město,58990,,1474.75,center
20900,4100,38,DISP_2_KK,"Holečkova, Praha - Košíře",Košíře,25000,2+KK,657.8947368421053,inner_city
26990,0,73,DISP_3_KK,"Klapálkova, Praha - Chodov",Chodov,26990,3+KK,369.7260273972603,outer_or_suburbs
54776,9666,120,UNDEFINED,"Šmilovského, Praha - Vinohrady",Vinohrady,64442,,537.0166666666667,inner_city
28000,5200,72,DISP_3_1,"Šiškova, Praha - Kobylisy",Kobylisy,33200,3+1,461.1111111111111,inner_city
19000,4300,55,DISP_2_KK,"Bartoškova, Praha - Nusle",Nusle,23300,2+KK,423.6363636363636,inner_city
24000,5578,60,DISP_2_1,"Čimelická, Praha - Lhotka",Lhotka,29578,2+1,492.96666666666664,outer_or_suburbs
17000,3331,28,DISP_1_KK,"Zakšínská, Praha - Střížkov",Střížkov,20331,1+KK,726.1071428571429,outer_or_suburbs
29566,5218,35,UNDEFINED,"Dvacátého osmého pluku, Praha - Vršovice",Vršovice,34784,,993.8285714285714,inner_city
22500,3000,43,DISP_2_KK,"Fibichova, Praha - Žižkov",Žižkov,25500,2+KK,593.0232558139535,inner_city
18000,3400,60,DISP_2_KK,"Rostislavova, Praha - Nusle",Nusle,21400,2+KK,356.6666666666667,inner_city
25569,4512,82,UNDEFINED,"Kosatcová, Praha - Záběhlice",Záběhlice,30081,,366.8414634146341,outer_or_suburbs
38806,6848,60,UNDEFINED,"Tyršova, Praha - Nové Město",Nové Město,45654,,760.9,center
26000,5000,46,DISP_2_KK,"Arnošta Valenty, Praha - Černý Most",Černý Most,31000,2+KK,673.9130434782609,outer_or_suburbs
27955,4933,22,UNDEFINED,"Kubánské náměstí, Praha - Vršovice",Vršovice,32888,,1494.909090909091,inner_city
32678,14318,34,UNDEFINED,"Bulharská, Praha - Vršovice",Vršovice,46996,,1382.235294117647,inner_city
19000,800,40,DISP_2_KK,"Strančická, Praha - Strašnice",Strašnice,19800,2+KK,495.0,inner_city
18000,4000,50,DISP_2_KK,"Dvořákova, Říčany - Říčany u Prahy, Středočeský kraj",Říčany,22000,2+KK,440.0,outer_or_suburbs
38194,6740,30,UNDEFINED,"Řehořova, Praha - Žižkov",Žižkov,44934,,1497.8,inner_city
24500,5000,56,DISP_3_KK,"Vratislavská, Praha - Bohnice",Bohnice,29500,3+KK,526.7857142857143,outer_or_suburbs
23000,5000,50,DISP_3_KK,"Kloboučnická, Praha - Nusle",Nusle,28000,3+KK,560.0,inner_city
20000,3700,56,DISP_2_KK,"Plzeňská, Praha - Smíchov",Smíchov,23700,2+KK,423.2142857142857,inner_city
22800,4500,77,DISP_3_KK,"Za Hotelem, Nupaky - Nupaky, Středočeský kraj",Nupaky,27300,3+KK,354.54545454545456,outer_or_suburbs
36569,6453,40,UNDEFINED,"Olgy Havlové, Praha - Žižkov",Žižkov,43022,,1075.55,inner_city
24000,6000,49,DISP_2_KK,"Musílkova, Praha - Košíře",Košíře,30000,2+KK,612.2448979591836,inner_city
31000,2300,91,DISP_3_KK,"Na Křivce, Praha - Michle",Michle,33300,3+KK,365.9340659340659,inner_city
21000,3700,50,DISP_2_KK,"Levá, Praha - Podolí",Podolí,24700,2+KK,494.0,inner_city
13000,1500,21,GARSONIERA,"Bělohorská, Praha - Břevnov",Břevnov,14500,GARSONIERA,690.4761904761905,inner_city
19300,4500,47,DISP_2_KK,"Holandská, Praha - Vršovice",Vršovice,23800,2+KK,506.3829787234043,inner_city
33000,9000,105,DISP_3_KK,"Skloněná, Praha - Vysočany",Vysočany,42000,3+KK,400.0,inner_city
22490,0,76,DISP_3_KK,"Herlíkovická, Praha - Kbely",Kbely,22490,3+KK,295.92105263157896,outer_or_suburbs
47981,22458,112,UNDEFINED,"Ostrovní, Praha - Nové Město",Nové Město,70439,,628.9196428571429,center
23000,3300,54,DISP_2_KK,"Symfonická, Praha - Stodůlky",Stodůlky,26300,2+KK,487.037037037037,outer_or_suburbs
26500,6500,63,DISP_2_KK,"U Uranie, Praha - Holešovice",Holešovice,33000,2+KK,523.8095238095239,inner_city
54465,9611,110,UNDEFINED,"Kováříkova, Praha - Hlubočepy",Hlubočepy,64076,,582.5090909090909,inner_city
26900,6000,53,DISP_2_KK,"Viklefova, Praha - Žižkov",Žižkov,32900,2+KK,620.7547169811321,inner_city
18490,0,45,DISP_2_KK,"Za dvorem, Praha - Krč",Krč,18490,2+KK,410.8888888888889,outer_or_suburbs
23990,1650,55,DISP_2_KK,"Sokolovská, Praha - Libeň",Libeň,25640,2+KK,466.1818181818182,inner_city
19000,4000,47,DISP_2_KK,"Ohradní, Praha - Michle",Michle,23000,2+KK,489.36170212765956,inner_city
24800,5000,78,DISP_3_KK,"Hošťálkova, Praha - Břevnov",Břevnov,29800,3+KK,382.05128205128204,inner_city
25000,5000,52,DISP_2_KK,"Ondrákové, Praha - Hlubočepy",Hlubočepy,30000,2+KK,576.9230769230769,inner_city
22900,6700,60,DISP_2_KK,"Ke Strašnické, Praha - Strašnice",Strašnice,29600,2+KK,493.3333333333333,inner_city
44289,7816,46,UNDEFINED,"Svatoslavova, Praha - Nusle",Nusle,52105,,1132.7173913043478,inner_city
29000,4100,56,DISP_3_KK,"Hodonínská, Praha - Michle",Michle,33100,3+KK,591.0714285714286,inner_city
20000,4120,54,DISP_2_KK,"Michelská, Praha - Michle",Michle,24120,2+KK,446.6666666666667,inner_city
14265,6431,86,UNDEFINED,"Přemyslovská, Praha - Vinohrady",Vinohrady,20696,,240.65116279069767,inner_city
41586,22620,70,UNDEFINED,"U Rajské zahrady, Praha - Žižkov",Žižkov,64206,,917.2285714285714,inner_city
28990,0,43,DISP_2_KK,"V háji, Praha - Holešovice",Holešovice,28990,2+KK,674.1860465116279,inner_city
25000,6644,79,DISP_3_1,"Kpt. Stránského, Praha - Černý Most",Černý Most,31644,3+1,400.55696202531647,outer_or_suburbs
23990,0,48,DISP_2_KK,"Hrušovická, Praha - Kbely",Kbely,23990,2+KK,499.7916666666667,outer_or_suburbs
36309,16387,34,UNDEFINED,"Kurta Konráda, Praha - Libeň",Libeň,52696,,1549.8823529411766,inner_city
26490,0,68,DISP_3_1,"Krynická, Praha - Troja",Troja,26490,3+1,389.55882352941177,outer_or_suburbs
13000,3000,49,DISP_2_1,"Křižíkova, Praha - Karlín",Karlín,16000,2+1,326.53061224489795,inner_city
24990,0,54,DISP_2_KK,"Na Zámyšli, Praha - Košíře",Košíře,24990,2+KK,462.77777777777777,inner_city
22000,5000,53,DISP_2_1,"Chodovická, Praha - Horní Počernice",Horní Počernice,27000,2+1,509.4339622641509,outer_or_suburbs
23800,7000,50,DISP_2_KK,"Na Vysočanských vinicích, Praha - Vysočany",Vysočany,30800,2+KK,616.0,inner_city
32000,1000,83,DISP_2_1,"Dětská, Praha - Strašnice",Strašnice,33000,2+1,397.5903614457831,inner_city
20000,2500,43,DISP_2_KK,"Okrajní, Praha - Strašnice",Strašnice,22500,2+KK,523.2558139534884,inner_city
43355,7651,102,UNDEFINED,"Xaveriova, Praha - Smíchov",Smíchov,51006,,500.05882352941177,inner_city
17877,8650,15,DISP_1_KK,"Na Zátorách, Praha - Holešovice",Holešovice,26527,1+KK,1768.4666666666667,inner_city
16500,5500,30,DISP_2_KK,"Čestmírova, Praha - Nusle",Nusle,22000,2+KK,733.3333333333334,inner_city
25000,0,25,DISP_1_KK,"Jana Masaryka, Praha - Vinohrady",Vinohrady,25000,1+KK,1000.0,inner_city
22000,6000,50,DISP_2_KK,"Poděbradská, Praha - Vysočany",Vysočany,28000,2+KK,560.0,inner_city
19000,5000,55,DISP_1_KK,"Sídlištní, Praha - Lysolaje",Lysolaje,24000,1+KK,436.3636363636364,outer_or_suburbs
37000,8500,114,DISP_4_KK,"Ondrákové, Praha - Hlubočepy",Hlubočepy,45500,4+KK,399.12280701754383,inner_city
42361,7476,20,UNDEFINED,"Nuselská, Praha - Michle",Michle,49837,,2491.85,inner_city
16500,5000,31,DISP_1_KK,"Za Strašnickou vozovnou, Praha - Strašnice",Strašnice,21500,1+KK,693.5483870967741,inner_city
15500,3500,33,DISP_1_KK,"Českomoravská, Praha - Libeň",Libeň,19000,1+KK,575.7575757575758,inner_city
37830,6676,20,UNDEFINED,"Plzeňská, Praha - Smíchov",Smíchov,44506,,2225.3,inner_city
10505,7800,17,DISP_1_KK,"Na Zátorách, Praha - Holešovice",Holešovice,18305,1+KK,1076.764705882353,inner_city
42190,22107,79,UNDEFINED,"Polská, Praha - Vinohrady",Vinohrady,64297,,813.8860759493671,inner_city
14787,2610,19,UNDEFINED,"Ďáblická, Praha - Dejvice",Dejvice,17397,,915.6315789473684,inner_city
25888,4568,22,UNDEFINED,"Těšnov, Praha - Nové Město",Nové Město,30456,,1384.3636363636363,center
26988,4763,25,UNDEFINED,"Kubánské náměstí, Praha - Vršovice",Vršovice,31751,,1270.04,inner_city
40633,7170,53,UNDEFINED,Praha - Karlín,Karlín,47803,,901.9433962264151,inner_city
22000,6500,54,DISP_2_KK,"Saarinenova, Praha - Hloubětín",Hloubětín,28500,2+KK,527.7777777777778,outer_or_suburbs
19900,4300,47,DISP_1_1,"U Balabenky, Praha - Libeň",Libeň,24200,1+1,514.8936170212766,inner_city
54814,9673,66,UNDEFINED,"Marie Cibulkové, Praha - Nusle",Nusle,64487,,977.0757575757576,inner_city
17490,0,34,DISP_1_KK,"Českomoravská, Praha - Libeň",Libeň,17490,1+KK,514.4117647058823,inner_city
24400,1000,48,DISP_2_KK,"Werichova, Praha - Hlubočepy",Hlubočepy,25400,2+KK,529.1666666666666,inner_city
25000,1500,46,DISP_2_KK,"Kafkova, Praha - Dejvice",Dejvice,26500,2+KK,576.0869565217391,inner_city
19000,4800,45,DISP_2_KK,"Bulharská, Praha - Vršovice",Vršovice,23800,2+KK,528.8888888888889,inner_city
15600,3000,23,DISP_1_KK,"Kralická, Praha - Strašnice",Strašnice,18600,1+KK,808.695652173913,inner_city
15000,2800,25,DISP_1_KK,"Vokovická, Praha - Vokovice",Vokovice,17800,1+KK,712.0,inner_city
22990,0,77,DISP_3_1,"Dědinova, Praha - Chodov",Chodov,22990,3+1,298.57142857142856,outer_or_suburbs
31028,14036,30,UNDEFINED,"V Háji, Praha - Holešovice",Holešovice,45064,,1502.1333333333334,inner_city
12000,3000,24,DISP_1_KK,"Přemyšlenská, Praha - Kobylisy",Kobylisy,15000,1+KK,625.0,inner_city
36000,6000,80,DISP_3_1,"Voroněžská, Praha - Vršovice",Vršovice,42000,3+1,525.0,inner_city
21000,6500,64,DISP_2_KK,"Petržílkova, Praha - Stodůlky",Stodůlky,27500,2+KK,429.6875,outer_or_suburbs
25400,2990,52,DISP_2_KK,"Blahníkova, Praha - Žižkov",Žižkov,28390,2+KK,545.9615384615385,inner_city
28500,4664,65,DISP_2_KK,"Lanžhotská, Praha - Zličín",Zličín,33164,2+KK,510.2153846153846,outer_or_suburbs
17500,2500,22,DISP_1_KK,"U Průhonu, Praha - Holešovice",Holešovice,20000,1+KK,909.0909090909091,inner_city
30000,5500,72,DISP_2_KK,"Novákových, Praha - Libeň",Libeň,35500,2+KK,493.05555555555554,inner_city
23500,2500,48,DISP_2_KK,"Žerotínova, Praha - Žižkov",Žižkov,26000,2+KK,541.6666666666666,inner_city
17500,2500,50,DISP_2_1,"V Břízkách, Praha - Košíře",Košíře,20000,2+1,400.0,inner_city
27900,4400,49,DISP_2_KK,"Odkolkova, Praha - Vysočany",Vysočany,32300,2+KK,659.1836734693877,inner_city
22000,4500,59,DISP_1_KK,"Náměstí Na Balabence, Praha - Libeň",Libeň,26500,1+KK,449.1525423728813,inner_city
42000,4500,101,DISP_4_KK,"U Nádražní lávky, Praha - Karlín",Karlín,46500,4+KK,460.3960396039604,inner_city
19900,3600,35,DISP_1_KK,"Pechmanových, Praha - Vysočany",Vysočany,23500,1+KK,671.4285714285714,inner_city
25000,6600,57,DISP_3_1,"Havlovská, Praha - Dejvice",Dejvice,31600,3+1,554.3859649122807,inner_city
17500,2000,28,DISP_1_KK,"Omská, Praha - Vršovice",Vršovice,19500,1+KK,696.4285714285714,inner_city
23000,5500,68,DISP_3_1,"Přímětická, Praha - Michle",Michle,28500,3+1,419.11764705882354,inner_city
45000,14000,98,DISP_3_KK,"U Sluncové, Praha - Karlín",Karlín,59000,3+KK,602.0408163265306,inner_city
28500,4500,58,DISP_2_KK,"Odkolkova, Praha - Vysočany",Vysočany,33000,2+KK,568.9655172413793,inner_city
26000,6934,56,DISP_2_KK,"Waltariho, Praha - Hloubětín",Hloubětín,32934,2+KK,588.1071428571429,outer_or_suburbs
26000,3000,50,DISP_2_KK,"Sudoměřská, Praha - Žižkov",Žižkov,29000,2+KK,580.0,inner_city
21000,2500,35,DISP_1_KK,"Poděbradská, Praha - Hloubětín",Hloubětín,23500,1+KK,671.4285714285714,outer_or_suburbs
27000,1500,55,DISP_2_KK,"Vinohradská, Praha - Vinohrady",Vinohrady,28500,2+KK,518.1818181818181,inner_city
20990,0,33,DISP_1_1,"Heřmanova, Praha - Holešovice",Holešovice,20990,1+1,636.060606060606,inner_city
27000,5000,57,DISP_2_KK,"Piskáčkových, Praha - Vysočany",Vysočany,32000,2+KK,561.4035087719299,inner_city
14000,4500,33,DISP_1_KK,"Panuškova, Praha - Krč",Krč,18500,1+KK,560.6060606060606,outer_or_suburbs
20990,0,33,DISP_2_KK,"Ovčí hájek, Praha - Stodůlky",Stodůlky,20990,2+KK,636.060606060606,outer_or_suburbs
17000,5500,34,DISP_1_1,"Roháčova, Praha - Žižkov",Žižkov,22500,1+1,661.7647058823529,inner_city
21000,4000,29,DISP_1_1,"Voroněžská, Praha - Vršovice",Vršovice,25000,1+1,862.0689655172414,inner_city
21500,2500,45,DISP_2_KK,"Svatoslavova, Praha - Nusle",Nusle,24000,2+KK,533.3333333333334,inner_city
14490,0,30,DISP_1_KK,"Šestajovická, Praha - Hloubětín",Hloubětín,14490,1+KK,483.0,outer_or_suburbs
30906,5454,40,UNDEFINED,"Zbraslavská, Praha - Malá Chuchle",Malá Chuchle,36360,,909.0,outer_or_suburbs
17772,3136,117,UNDEFINED,"Americká, Praha - Vinohrady",Vinohrady,20908,,178.7008547008547,inner_city
22000,3500,53,DISP_2_KK,"Mochovská, Praha - Hloubětín",Hloubětín,25500,2+KK,481.1320754716981,outer_or_suburbs
17000,4000,42,DISP_1_1,"Hennerova, Praha - Motol",Motol,21000,1+1,500.0,outer_or_suburbs
26000,7000,80,DISP_2_KK,"Vrbenského, Praha - Holešovice",Holešovice,33000,2+KK,412.5,inner_city
28000,6500,74,DISP_3_KK,"Remízková, Praha - Újezd u Průhonic",Újezd u Průhonic,34500,3+KK,466.2162162162162,outer_or_suburbs
17990,0,32,DISP_1_KK,"Oktábcových, Praha - Vysočany",Vysočany,17990,1+KK,562.1875,inner_city
24800,4682,50,DISP_2_KK,"Biskupcova, Praha - Žižkov",Žižkov,29482,2+KK,589.64,inner_city
21000,2000,35,GARSONIERA,"Cimburkova, Praha - Žižkov",Žižkov,23000,GARSONIERA,657.1428571428571,inner_city
18900,2500,32,DISP_1_KK,"Na Zámyšli, Praha - Košíře",Košíře,21400,1+KK,668.75,inner_city
23500,5000,57,DISP_2_1,"28. pluku, Praha - Vršovice",Vršovice,28500,2+1,500.0,inner_city
22999,4000,27,DISP_1_KK,"Bělehradská, Praha - Vinohrady",Vinohrady,26999,1+KK,999.9629629629629,inner_city
34000,5500,57,DISP_2_KK,"Varšavská, Praha - Vinohrady",Vinohrady,39500,2+KK,692.9824561403509,inner_city
35000,4500,108,DISP_3_1,"Sartoriova, Praha - Břevnov",Břevnov,39500,3+1,365.74074074074076,inner_city
15500,5460,35,DISP_2_KK,"Vodňanského, Praha - Břevnov",Břevnov,20960,2+KK,598.8571428571429,inner_city
25000,6005,53,DISP_2_KK,"Michelangelova, Praha - Strašnice",Strašnice,31005,2+KK,585.0,inner_city
23500,4250,72,DISP_2_1,"Srbínská, Praha - Strašnice",Strašnice,27750,2+1,385.4166666666667,inner_city
24000,1000,50,DISP_2_KK,"Ondříčkova, Praha - Žižkov",Žižkov,25000,2+KK,500.0,inner_city
22500,5700,64,DISP_3_1,"Bojasova, Praha - Kobylisy",Kobylisy,28200,3+1,440.625,inner_city
15000,3600,22,DISP_1_KK,"Sportovní, Praha - Vršovice",Vršovice,18600,1+KK,845.4545454545455,inner_city
22800,1900,45,DISP_2_KK,"Novákových, Praha - Libeň",Libeň,24700,2+KK,548.8888888888889,inner_city
24000,7865,61,DISP_2_1,"Na Šťáhlavce, Praha - Dejvice",Dejvice,31865,2+1,522.3770491803278,inner_city
27000,3900,60,DISP_2_1,"Lublaňská, Praha - Vinohrady",Vinohrady,30900,2+1,515.0,inner_city
26000,5800,84,DISP_3_1,"Holečkova, Praha - Smíchov",Smíchov,31800,3+1,378.57142857142856,inner_city
36000,8000,74,DISP_2_KK,"Pod Kaštany, Praha - Bubeneč",Bubeneč,44000,2+KK,594.5945945945946,inner_city
22000,4500,61,DISP_2_KK,"Užocká, Praha - Vršovice",Vršovice,26500,2+KK,434.42622950819674,inner_city
23490,0,80,DISP_3_1,"Volkova, Praha - Černý Most",Černý Most,23490,3+1,293.625,outer_or_suburbs
27000,3373,50,DISP_2_KK,"Rejskova, Praha - Vinohrady",Vinohrady,30373,2+KK,607.46,inner_city
27000,1000,60,DISP_2_1,"5. května, Praha - Nusle",Nusle,28000,2+1,466.6666666666667,inner_city
17900,5300,47,DISP_2_KK,"Okružní, Praha - Komořany",Komořany,23200,2+KK,493.6170212765957,outer_or_suburbs
15800,3600,29,DISP_1_KK,"Drahobejlova, Praha - Libeň",Libeň,19400,1+KK,668.9655172413793,inner_city
26800,5048,53,DISP_2_KK,"Kafkova, Praha - Dejvice",Dejvice,31848,2+KK,600.9056603773585,inner_city
19000,3000,34,DISP_1_KK,"Modrého, Praha - Hloubětín",Hloubětín,22000,1+KK,647.0588235294117,outer_or_suburbs
28000,4200,90,DISP_4_1,"Dětská, Praha - Strašnice",Strašnice,32200,4+1,357.77777777777777,inner_city
36000,6000,94,DISP_3_KK,"V Třešňovce, Praha - Hrdlořezy",Hrdlořezy,42000,3+KK,446.8085106382979,outer_or_suburbs
21000,4400,35,DISP_1_KK,"Gerstelova, Praha - Vysočany",Vysočany,25400,1+KK,725.7142857142857,inner_city
25000,7300,63,DISP_3_KK,"Tererova, Praha - Chodov",Chodov,32300,3+KK,512.6984126984127,outer_or_suburbs
25935,4577,53,UNDEFINED,"Arabská, Praha - Vokovice",Vokovice,30512,,575.6981132075472,inner_city
23000,7855,66,DISP_3_1,"Jažlovická, Praha - Chodov",Chodov,30855,3+1,467.5,outer_or_suburbs
17000,3000,49,DISP_1_1,"Hradeckých, Praha - Nusle",Nusle,20000,1+1,408.16326530612247,inner_city
39007,6883,34,UNDEFINED,"Svatoslavova, Praha - Nusle",Nusle,45890,,1349.7058823529412,inner_city
24000,7000,73,DISP_2_1,"Sokolovská, Praha - Libeň",Libeň,31000,2+1,424.6575342465753,inner_city
25490,0,59,DISP_2_KK,"Domalípova, Praha - Hloubětín",Hloubětín,25490,2+KK,432.03389830508473,outer_or_suburbs
23000,3600,45,DISP_2_KK,"Ve Struhách, Praha - Bubeneč",Bubeneč,26600,2+KK,591.1111111111111,inner_city
24000,5500,52,DISP_2_KK,"Křižíkova, Praha - Karlín",Karlín,29500,2+KK,567.3076923076923,inner_city
25500,3900,75,DISP_2_1,"Zenklova, Praha - Libeň",Libeň,29400,2+1,392.0,inner_city
21000,800,32,DISP_1_KK,"Podskalská, Praha - Nové Město",Nové Město,21800,1+KK,681.25,center
21000,750,47,DISP_1_1,"Jana Želivského, Praha - Žižkov",Žižkov,21750,1+1,462.7659574468085,inner_city
30000,9400,70,DISP_2_KK,"Olšanská, Praha - Žižkov",Žižkov,39400,2+KK,562.8571428571429,inner_city
15800,2500,24,DISP_1_KK,"Na Dolinách, Praha - Nusle",Nusle,18300,1+KK,762.5,inner_city
23000,2200,80,DISP_3_KK,"Korunní, Praha - Vinohrady",Vinohrady,25200,3+KK,315.0,inner_city
19500,3000,32,DISP_1_KK,"28. pluku, Praha - Vršovice",Vršovice,22500,1+KK,703.125,inner_city
28813,5085,21,UNDEFINED,"Bulharská, Praha - Vršovice",Vršovice,33898,,1614.1904761904761,inner_city
27000,4300,66,DISP_1_KK,"Březenská, Praha - Libeň",Libeň,31300,1+KK,474.24242424242425,inner_city
22000,4700,54,DISP_3_KK,"Peštukova, Praha - Veleslavín",Veleslavín,26700,3+KK,494.44444444444446,outer_or_suburbs
21000,4700,54,DISP_2_KK,"Chotěšovská, Praha - Letňany",Letňany,25700,2+KK,475.9259259259259,outer_or_suburbs
30258,5340,85,UNDEFINED,"Pod Štěpem, Praha - Hostivař",Hostivař,35598,,418.8,outer_or_suburbs
21000,3900,45,DISP_1_KK,"Kettnerova, Praha - Stodůlky",Stodůlky,24900,1+KK,553.3333333333334,outer_or_suburbs
27000,5000,56,DISP_2_KK,"Chodská, Praha - Vinohrady",Vinohrady,32000,2+KK,571.4285714285714,inner_city
16490,0,26,DISP_1_KK,"Stočesova, Praha - Ruzyně",Ruzyně,16490,1+KK,634.2307692307693,outer_or_suburbs
22000,3800,50,DISP_1_1,"Rooseveltova, Praha - Bubeneč",Bubeneč,25800,1+1,516.0,inner_city
16490,0,33,DISP_1_KK,"Poděbradská, Praha - Hloubětín",Hloubětín,16490,1+KK,499.6969696969697,outer_or_suburbs
19990,0,36,DISP_2_KK,"Nádražní, Praha - Hlubočepy",Smíchov,19990,2+KK,555.2777777777778,inner_city
24000,4800,48,DISP_1_1,"Laubova, Praha - Vinohrady",Vinohrady,28800,1+1,600.0,inner_city
22900,2901,54,DISP_2_KK,"Pod Lipami, Praha - Žižkov",Žižkov,25801,2+KK,477.7962962962963,inner_city
31000,9000,74,DISP_3_KK,"Kettnerova, Praha - Stodůlky",Stodůlky,40000,3+KK,540.5405405405405,outer_or_suburbs
52415,9250,55,UNDEFINED,"V Třešňovce, Praha - Hrdlořezy",Hrdlořezy,61665,,1121.1818181818182,outer_or_suburbs
8000,3000,53,DISP_2_KK,"Táboritská, Praha - Žižkov",Žižkov,11000,2+KK,207.54716981132074,inner_city
33068,5835,55,UNDEFINED,"náměstí Olgy Scheinpflugové, Praha - Hlubočepy",Hlubočepy,38903,,707.3272727272728,inner_city
13200,0,25,GARSONIERA,"Poděbradská, Praha - Vysočany",Vysočany,13200,GARSONIERA,528.0,inner_city
19000,1000,54,DISP_2_KK,"Litovická, Hostivice - Litovice, Středočeský kraj",Hostivice,20000,2+KK,370.3703703703704,outer_or_suburbs
31597,5576,63,UNDEFINED,"U Druhé baterie, Praha - Břevnov",Břevnov,37173,,590.047619047619,inner_city
10400,1,85,DISP_5_1,"Vladivostocká, Praha - Vršovice",Vršovice,10401,5+1,122.36470588235294,inner_city
17000,1000,35,DISP_1_1,"Vodičkova, Praha - Nové Město",Nové Město,18000,1+1,514.2857142857143,center
12000,3000,21,DISP_1_KK,"Bořivojova, Praha - Žižkov",Žižkov,15000,1+KK,714.2857142857143,inner_city
24000,6500,56,DISP_2_KK,"Sazovická, Praha - Zličín",Zličín,30500,2+KK,544.6428571428571,outer_or_suburbs
32000,5300,80,DISP_3_KK,"Píškova, Praha - Stodůlky",Stodůlky,37300,3+KK,466.25,outer_or_suburbs
25758,4545,20,UNDEFINED,"Víta Nejedlého, Praha - Žižkov",Žižkov,30303,,1515.15,inner_city
42000,7500,97,DISP_3_1,"Korunní, Praha - Vinohrady",Vinohrady,49500,3+1,510.30927835051546,inner_city
34485,6085,55,UNDEFINED,"Rumunská, Praha - Vinohrady",Vinohrady,40570,,737.6363636363636,inner_city
30000,5500,88,DISP_3_KK,"K Novému dvoru, Praha - Lhotka",Lhotka,35500,3+KK,403.40909090909093,outer_or_suburbs
15000,3000,37,DISP_2_KK,"Vehlovická, Praha - Čimice",Čimice,18000,2+KK,486.4864864864865,outer_or_suburbs
16403,7354,80,UNDEFINED,"Voskovcova, Praha - Hlubočepy",Hlubočepy,23757,,296.9625,inner_city
15000,5100,30,DISP_1_1,"Šestajovická, Praha - Hloubětín",Hloubětín,20100,1+1,670.0,outer_or_suburbs
21551,3803,24,UNDEFINED,"Nádražní, Praha - Smíchov",Smíchov,25354,,1056.4166666666667,inner_city
56479,9967,54,UNDEFINED,"Vrbenského, Praha - Holešovice",Holešovice,66446,,1230.4814814814815,inner_city
19500,4500,59,DISP_2_1,"Libocká, Praha - Liboc",Liboc,24000,2+1,406.77966101694915,outer_or_suburbs
15000,4400,32,DISP_1_KK,"Radlická, Praha - Smíchov",Smíchov,19400,1+KK,606.25,inner_city
9254,3366,22,DISP_4_1,"Thámova, Praha - Karlín",Karlín,12620,4+1,573.6363636363636,inner_city
12500,5300,30,DISP_1_KK,"Štúrova, Praha - Krč",Krč,17800,1+KK,593.3333333333334,outer_or_suburbs
15490,0,23,DISP_1_KK,"Poděbradská, Praha - Vysočany",Vysočany,15490,1+KK,673.4782608695652,inner_city
18990,0,40,DISP_2_KK,"Novodvorská, Praha - Kamýk",Kamýk,18990,2+KK,474.75,outer_or_suburbs
27500,5700,52,DISP_3_KK,"Molákova, Praha - Karlín",Karlín,33200,3+KK,638.4615384615385,inner_city
49900,850,130,DISP_3_1,"U Akademie, Praha - Bubeneč",Bubeneč,50750,3+1,390.38461538461536,inner_city
29900,6300,87,DISP_3_KK,"Sokolovská, Praha - Vysočany",Vysočany,36200,3+KK,416.0919540229885,inner_city
21850,5400,51,DISP_2_1,"Hostýnská, Praha - Malešice",Malešice,27250,2+1,534.3137254901961,outer_or_suburbs
18000,3000,34,DISP_1_KK,"Mochovská, Praha - Hloubětín",Hloubětín,21000,1+KK,617.6470588235294,outer_or_suburbs
17500,3699,44,DISP_2_KK,"Frýdlantská, Praha - Kobylisy",Kobylisy,21199,2+KK,481.79545454545456,inner_city
13500,4300,49,DISP_1_KK,"Za Mlýnem, Hostivice - Hostivice, Středočeský kraj",Hostivice,17800,1+KK,363.265306122449,outer_or_suburbs
25000,4531,46,DISP_2_KK,"Na Spojce, Praha - Vršovice",Vršovice,29531,2+KK,641.9782608695652,inner_city
49018,8650,50,UNDEFINED,"Zemědělská, Praha - Dejvice",Dejvice,57668,,1153.36,inner_city
34000,4200,55,DISP_2_KK,"U Vodárny, Praha - Vinohrady",Vinohrady,38200,2+KK,694.5454545454545,inner_city
23000,3200,33,DISP_1_KK,"Tupolevova, Praha - Letňany",Letňany,26200,1+KK,793.939393939394,outer_or_suburbs
33800,4800,63,DISP_2_KK,"Na Farkáně Ⅰ, Praha - Radlice",Radlice,38600,2+KK,612.6984126984127,inner_city
47820,20184,30,UNDEFINED,"Legerova, Praha - Vinohrady",Vinohrady,68004,,2266.8,inner_city
37990,0,87,DISP_3_KK,"K Červenému vrchu, Praha - Vokovice",Vokovice,37990,3+KK,436.6666666666667,inner_city
12000,2900,16,OSTATNI,"Českobrodská, Praha - Hrdlořezy",Hrdlořezy,14900,,931.25,outer_or_suburbs
26000,6000,60,DISP_2_1,"Ve Smečkách, Praha - Nové Město",Nové Město,32000,2+1,533.3333333333334,center
19900,900,40,DISP_1_KK,"Skloněná, Praha - Vysočany",Vysočany,20800,1+KK,520.0,inner_city
60516,10679,71,UNDEFINED,"Újezd, Praha - Malá Strana",Malá Strana,71195,,1002.7464788732394,center
58970,10407,52,UNDEFINED,"Mostecka , Mala Strana, Praha - Malá Strana",Malá Strana,69377,,1334.173076923077,center
16500,3500,40,DISP_1_1,"Jaroslava Foglara, Praha - Stodůlky",Stodůlky,20000,1+1,500.0,outer_or_suburbs
18490,0,47,DISP_1_KK,"Vykáňská, Praha - Strašnice",Strašnice,18490,1+KK,393.40425531914894,inner_city
17000,2500,37,DISP_1_1,"Ortenovo náměstí, Praha - Holešovice",Holešovice,19500,1+1,527.027027027027,inner_city
17500,4150,39,DISP_1_KK,"Hadovitá, Praha - Michle",Michle,21650,1+KK,555.1282051282051,inner_city
17300,4600,30,DISP_1_KK,"U Libeňského pivovaru, Praha - Libeň",Libeň,21900,1+KK,730.0,inner_city
10000,2000,74,DISP_3_1,"Svojetická, Praha - Strašnice",Strašnice,12000,3+1,162.16216216216216,inner_city
18582,3279,30,UNDEFINED,"Kotorská, Praha - Nusle",Nusle,21861,,728.7,inner_city
22000,4000,56,DISP_3_KK,"Borošova, Praha - Háje",Háje,26000,3+KK,464.2857142857143,outer_or_suburbs
42257,7457,30,UNDEFINED,"Veletržní, Praha - Bubeneč",Bubeneč,49714,,1657.1333333333334,inner_city
19500,5000,41,DISP_2_KK,"Šluknovská, Praha - Střížkov",Střížkov,24500,2+KK,597.560975609756,outer_or_suburbs
25071,4424,20,UNDEFINED,"Vrchlického, Praha - Košíře",Košíře,29495,,1474.75,inner_city
18000,4850,46,DISP_1_KK,"Komořanská, Praha - Modřany",Modřany,22850,1+KK,496.7391304347826,outer_or_suburbs
26500,5900,85,DISP_4_1,"Sládkovičova, Praha - Krč",Krč,32400,4+1,381.1764705882353,outer_or_suburbs
20000,4000,32,DISP_1_KK,"Poděbradská, Praha - Hloubětín",Hloubětín,24000,1+KK,750.0,outer_or_suburbs
18000,4500,45,DISP_2_KK,"Böhmova, Praha - Stodůlky",Stodůlky,22500,2+KK,500.0,outer_or_suburbs
32843,14102,45,UNDEFINED,"Sportovní, Praha - Vršovice",Vršovice,46945,,1043.2222222222222,inner_city
21500,3990,48,DISP_2_KK,"Pšeničná, Hostivice - Litovice, Středočeský kraj",Hostivice,25490,2+KK,531.0416666666666,outer_or_suburbs
24000,5000,46,DISP_2_KK,"Starokošířská, Praha - Košíře",Košíře,29000,2+KK,630.4347826086956,inner_city
23990,0,72,DISP_3_KK,"Hlivická, Praha - Bohnice",Bohnice,23990,3+KK,333.19444444444446,outer_or_suburbs
24000,4300,57,DISP_2_KK,"Hadovitá, Praha - Michle",Michle,28300,2+KK,496.49122807017545,inner_city
29500,4924,50,DISP_2_KK,"Na Výšinách, Praha - Bubeneč",Bubeneč,34424,2+KK,688.48,inner_city
39500,8000,100,DISP_3_1,"Francouzská, Praha - Vinohrady",Vinohrady,47500,3+1,475.0,inner_city
26500,4670,44,DISP_2_1,"Mikuláše z Husi, Praha - Nusle",Nusle,31170,2+1,708.4090909090909,inner_city
17500,3800,33,DISP_1_KK,"Jana Přibíka, Praha - Vysočany",Vysočany,21300,1+KK,645.4545454545455,inner_city
14000,3000,24,DISP_1_KK,"Josefa Houdka, Praha - Lipence",Lipence,17000,1+KK,708.3333333333334,outer_or_suburbs
21000,4429,44,DISP_2_KK,"Láskova, Praha - Chodov",Chodov,25429,2+KK,577.9318181818181,outer_or_suburbs
22000,5000,53,DISP_2_KK,"Ječná, Hostivice - Litovice, Středočeský kraj",Hostivice,27000,2+KK,509.4339622641509,outer_or_suburbs
17000,2500,39,DISP_1_1,"U Vesny, Praha - Strašnice",Strašnice,19500,1+1,500.0,inner_city
19900,3800,55,DISP_2_KK,"Na Jezerce, Praha - Nusle",Nusle,23700,2+KK,430.90909090909093,inner_city
30627,5405,45,UNDEFINED,"Táboritská, Praha - Žižkov",Žižkov,36032,,800.7111111111111,inner_city
18600,4000,35,DISP_1_KK,"Veletržní, Praha - Holešovice",Holešovice,22600,1+KK,645.7142857142857,inner_city
30000,2500,72,DISP_3_1,"Lublinská, Praha - Troja",Troja,32500,3+1,451.3888888888889,outer_or_suburbs
17112,2888,25,DISP_1_KK,"Ve Smečkách, Praha - Nové Město",Nové Město,20000,1+KK,800.0,center
15890,4089,37,DISP_1_KK,"Makedonská, Praha - Střížkov",Střížkov,19979,1+KK,539.972972972973,outer_or_suburbs
23990,0,70,DISP_3_1,"Jílovská, Praha - Lhotka",Lhotka,23990,3+1,342.7142857142857,outer_or_suburbs
16490,0,39,DISP_1_KK,"Počernická, Praha - Malešice",Malešice,16490,1+KK,422.8205128205128,outer_or_suburbs
19990,0,32,DISP_1_KK,"Poděbradská, Praha - Hloubětín",Hloubětín,19990,1+KK,624.6875,outer_or_suburbs
18000,4500,42,DISP_1_1,"Bořivojova, Praha - Žižkov",Žižkov,22500,1+1,535.7142857142857,inner_city
25990,0,55,DISP_2_KK,"Rooseveltova, Praha - Bubeneč",Bubeneč,25990,2+KK,472.54545454545456,inner_city
32497,5735,53,UNDEFINED,"Drahobejlova, Praha - Libeň",Libeň,38232,,721.3584905660377,inner_city
9000,3000,130,DISP_6_1,"Veltruská, Praha - Prosek",Prosek,12000,6+1,92.3076923076923,inner_city
17500,2260,32,DISP_1_KK,"Pod Labuťkou, Praha - Libeň",Libeň,19760,1+KK,617.5,inner_city
29000,2350,28,DISP_2_KK,"Legerova, Praha - Nové Město",Nové Město,31350,2+KK,1119.642857142857,center
27000,6000,91,DISP_3_1,"Nevanova, Praha - Řepy",Řepy,33000,3+1,362.6373626373626,outer_or_suburbs
12000,3000,30,DISP_1_KK,"Chaloupky, Praha - Zadní Kopanina",Zadní Kopanina,15000,1+KK,500.0,outer_or_suburbs
19490,3900,35,DISP_1_KK,"Gerstelova, Praha - Vysočany",Vysočany,23390,1+KK,668.2857142857143,inner_city
17100,4539,26,DISP_1_KK,"Perucká, Praha - Vinohrady",Vinohrady,21639,1+KK,832.2692307692307,inner_city
21490,0,47,DISP_2_KK,"Thomasova, Praha - Třebonice",Třebonice,21490,2+KK,457.2340425531915,outer_or_suburbs
23500,6800,48,DISP_2_KK,"Na Domovině, Praha - Libuš",Libuš,30300,2+KK,631.25,outer_or_suburbs
30000,6500,72,DISP_3_KK,"Buchovcova, Praha - Žižkov",Žižkov,36500,3+KK,506.94444444444446,inner_city
23700,5300,64,DISP_3_1,"Něvská, Praha - Čakovice",Čakovice,29000,3+1,453.125,outer_or_suburbs
14697,6870,86,UNDEFINED,"Přemyslovská, Praha - Vinohrady",Vinohrady,21567,,250.77906976744185,inner_city
37098,17354,65,UNDEFINED,"Švehlova, Praha - Záběhlice",Záběhlice,54452,,837.723076923077,outer_or_suburbs
14000,4000,42,DISP_1_1,"Purkyňova, Říčany - Říčany u Prahy, Středočeský kraj",Říčany,18000,1+1,428.57142857142856,outer_or_suburbs
29900,9975,75,DISP_3_KK,"Ostravská, Praha - Letňany",Letňany,39875,3+KK,531.6666666666666,outer_or_suburbs
21000,3000,41,DISP_2_KK,"Vorařská, Praha - Modřany",Modřany,24000,2+KK,585.3658536585366,outer_or_suburbs
34900,12049,71,DISP_3_1,"Francouzská, Praha - Vinohrady",Vinohrady,46949,3+1,661.2535211267606,inner_city
31987,5645,31,UNDEFINED,"Kmochova, Praha - Smíchov",Smíchov,37632,,1213.9354838709678,inner_city
23000,4000,42,DISP_2_KK,"Podplukovníka Sochora, Praha - Holešovice",Holešovice,27000,2+KK,642.8571428571429,inner_city
19000,3500,43,DISP_2_KK,"Nad Kolonií, Praha - Podolí",Podolí,22500,2+KK,523.2558139534884,inner_city
19400,4600,45,DISP_2_KK,"Kurkova, Praha - Kobylisy",Kobylisy,24000,2+KK,533.3333333333334,inner_city
